"time","r0"
652,1
913,0
963,0
1097,1
1125,1
1466,5
1531,1
1618,0
1667,4
1685,0
1723,1
1744,6
1788,8
1790,2
1801,0
1815,1
1830,2
1849,1
1862,0
1893,4
1944,0
1975,0
2052,1
2053,1
2054,1
2061,2
2087,0
2126,1
2188,0
2190,1
2211,1
2220,0
2245,0
2267,8
2268,0
2275,2
2275,0
2279,0
2336,1
2338,1
2351,2
2358,0
2368,0
2386,8
2442,2
2449,1
2471,2
2480,11
2489,3
2517,2
2547,0
2572,0
2572,0
2581,5
2617,0
2634,0
2691,1
2712,0
2719,1
2731,5
2782,1
2799,5
2808,0
2812,0
2812,0
2831,0
2890,9
2897,0
2912,0
2918,1
2926,1
2940,0
2941,2
2941,1
2943,2
2948,0
2954,1
2971,0
2985,5
3000,0
3011,1
3014,0
3045,0
3065,1
3068,3
3086,1
3089,0
3103,0
3107,0
3114,0
3117,0
3117,1
3122,0
3125,4
3140,0
3148,0
3169,1
3171,0
3177,0
3181,0
3203,0
3205,0
3209,0
3211,1
3225,2
3233,9
3234,1
3239,1
3239,0
3244,1
3247,0
3252,0
3258,1
3273,1
3278,0
3281,3
3300,4
3305,5
3314,0
3325,2
3335,1
3341,0
3348,3
3357,0
3358,1
3366,0
3370,0
3371,0
3374,0
3386,0
3387,1
3407,0
3420,5
3421,4
3431,1
3444,0
3464,3
3465,10
3482,3
3488,0
3500,0
3503,0
3510,1
3513,2
3516,0
3518,0
3518,1
3524,4
3529,0
3538,0
3540,0
3541,2
3543,1
3543,15
3546,3
3547,1
3553,4
3554,6
3563,3
3568,0
3571,0
3572,4
3575,0
3588,1
3592,0
3595,17
3600,0
3601,0
3620,0
3621,0
3632,0
3642,0
3646,0
3654,6
3657,0
3662,0
3662,2
3662,0
3681,2
3683,1
3687,0
3692,0
3696,0
3697,0
3699,0
3702,0
3705,0
3714,0
3717,0
3721,0
3734,2
3752,0
3754,1
3758,1
3759,0
3761,1
3764,5
3770,1
3773,12
3780,2
3788,0
3791,4
3791,2
3800,0
3803,0
3813,0
3835,17
3835,8
3855,5
3860,0
3860,2
3860,0
3862,2
3872,2
3875,1
3877,1
3879,0
3889,0
3895,7
3905,2
3905,0
3906,1
3906,0
3911,0
3918,0
3922,1
3934,3
3936,2
3938,1
3938,2
3939,0
3952,1
3957,0
3961,0
3964,4
3964,0
3976,1
3981,0
3983,1
3991,0
3995,3
3998,0
4002,0
4003,0
4006,0
4014,0
4021,1
4022,0
4024,2
4029,0
4030,1
4046,0
4052,2
4055,1
4055,1
4056,0
4061,1
4068,2
4068,0
4069,0
4069,0
4071,0
4072,1
4076,0
4079,2
4080,1
4081,0
4082,0
4082,1
4085,1
4091,0
4098,1
4099,0
4101,0
4101,1
4108,0
4118,0
4121,1
4125,2
4134,5
4135,0
4146,6
4150,2
4165,0
4167,0
4169,0
4183,0
4185,1
4185,0
4194,0
4198,0
4202,0
4205,0
4206,0
4207,0
4207,1
4211,0
4211,0
4214,1
4214,4
4217,1
4219,0
4219,4
4223,1
4224,0
4228,0
4229,0
4234,2
4238,0
4238,1
4243,4
4257,0
4268,8
4284,0
4286,7
4290,2
4300,7
4302,11
4308,0
4311,0
4316,0
4316,2
4316,1
4317,7
4317,4
4325,2
4327,0
4335,0
4337,0
4340,1
4341,0
4341,7
4348,0
4357,7
4360,6
4361,0
4362,0
4367,2
4370,7
4370,0
4373,0
4375,1
4379,0
4398,0
4402,3
4408,2
4415,1
4416,1
4416,0
4417,2
4418,9
4430,1
4432,2
4434,2
4434,0
4443,0
4444,0
4445,0
4447,4
4454,1
4459,0
4466,1
4468,10
4473,0
4478,1
4485,7
4489,0
4494,1
4495,0
4502,2
4509,0
4510,0
4512,0
4513,1
4515,1
4517,0
4519,1
4522,0
4522,4
4522,5
4527,2
4530,0
4535,0
4536,0
4537,6
4538,10
4540,0
4547,0
4547,0
4551,4
4551,0
4554,6
4556,0
4559,4
4561,0
4566,3
4566,4
4571,0
4572,0
4573,0
4576,0
4577,2
4579,0
4583,6
4586,1
4587,3
4588,1
4591,0
4596,0
4599,1
4602,0
4603,0
4605,1
4607,1
4609,4
4610,0
4612,3
4613,1
4619,0
4629,1
4632,2
4634,0
4637,6
4645,0
4648,1
4651,0
4658,0
4661,0
4667,1
4668,5
4671,0
4674,1
4677,1
4684,2
4687,2
4689,0
4697,1
4699,1
4702,0
4703,0
4706,0
4706,2
4709,0
4711,1
4712,0
4714,8
4717,2
4718,1
4718,0
4721,3
4722,3
4723,1
4724,0
4725,6
4728,4
4730,4
4731,0
4731,13
4738,0
4740,0
4741,1
4746,0
4748,0
4748,0
4753,0
4754,1
4754,2
4756,2
4757,0
4758,0
4769,1
4770,0
4770,1
4770,2
4771,2
4774,3
4776,1
4777,0
4777,1
4780,0
4782,0
4782,0
4782,1
4783,0
4786,1
4793,0
4794,1
4797,0
4799,1
4801,0
4802,1
4803,0
4803,1
4803,0
4804,0
4805,0
4809,0
4811,2
4817,0
4818,2
4821,0
4822,0
4823,1
4824,1
4825,1
4829,0
4830,0
4836,0
4836,0
4836,0
4837,1
4839,7
4845,3
4846,1
4851,0
4851,4
4852,1
4854,7
4856,0
4857,4
4858,1
4858,0
4860,9
4860,1
4860,0
4863,4
4864,6
4864,0
4872,1
4872,7
4874,0
4874,0
4879,1
4880,8
4880,6
4881,0
4886,5
4889,1
4890,1
4890,1
4890,0
4891,0
4892,1
4894,3
4894,0
4898,4
4899,1
4901,0
4901,4
4902,1
4904,2
4906,0
4908,0
4909,1
4909,1
4909,1
4910,0
4911,1
4914,0
4919,0
4923,0
4927,0
4929,6
4929,0
4930,3
4931,3
4932,0
4933,0
4934,1
4940,10
4943,0
4946,1
4947,2
4952,1
4955,1
4956,0
4961,0
4961,0
4964,1
4965,1
4966,3
4966,2
4972,0
4973,2
4973,1
4973,4
4975,0
4982,1
4985,0
4988,0
4990,1
4991,0
4991,0
4992,0
4995,1
4995,3
4996,0
4998,0
4999,1
5000,1
5002,2
5003,2
5004,1
5005,2
5011,0
5011,0
5013,3
5014,9
5014,5
5017,7
5018,1
5018,0
5020,0
5021,3
5023,2
5029,1
5031,0
5034,0
5035,1
5036,4
5037,0
5042,0
5044,0
5046,0
5047,0
5048,2
5051,0
5054,1
5054,0
5058,3
5064,9
5065,0
5065,2
5066,0
5066,6
5067,0
5069,7
5072,1
5074,1
5076,5
5076,3
5077,2
5078,1
5080,0
5085,0
5085,0
5089,6
5089,2
5090,4
5096,3
5096,0
5100,1
5102,0
5103,0
5104,1
5107,3
5107,0
5108,2
5108,0
5108,0
5109,0
5113,0
5113,0
5115,0
5116,0
5119,1
5119,0
5119,1
5120,6
5121,0
5122,0
5123,10
5124,3
5126,6
5128,0
5132,0
5133,1
5135,0
5136,0
5139,14
5140,0
5142,1
5142,0
5142,0
5142,8
5147,0
5148,2
5149,4
5153,3
5157,7
5158,0
5158,3
5159,0
5164,0
5166,0
5168,0
5171,0
5172,1
5172,1
5175,0
5175,3
5176,1
5177,3
5181,0
5183,0
5184,1
5185,5
5186,0
5187,0
5188,5
5192,0
5194,1
5195,1
5195,6
5195,12
5197,0
5197,1
5199,1
5200,2
5202,2
5202,0
5203,0
5204,1
5206,2
5206,1
5206,0
5207,0
5208,0
5210,0
5212,1
5212,0
5214,0
5215,1
5217,0
5220,0
5220,2
5223,3
5225,1
5226,1
5227,2
5227,1
5230,0
5235,2
5235,1
5238,1
5241,1
5244,5
5250,1
5252,0
5252,0
5253,0
5255,1
5257,5
5258,0
5259,1
5260,1
5260,0
5261,0
5261,0
5263,0
5263,3
5263,0
5265,2
5266,2
5270,0
5273,2
5274,1
5275,14
5276,1
5277,0
5279,0
5280,0
5285,1
5288,0
5289,1
5289,1
5294,0
5294,0
5294,1
5296,0
5296,0
5296,0
5296,1
5297,0
5300,0
5302,0
5302,0
5303,0
5304,0
5305,0
5311,2
5312,0
5313,5
5316,0
5316,12
5320,0
5321,14
5323,0
5324,0
5327,0
5327,1
5327,0
5329,0
5330,0
5332,0
5333,0
5333,2
5334,0
5335,0
5335,1
5337,2
5337,0
5337,0
5339,9
5344,1
5346,2
5347,4
5347,0
5349,0
5349,0
5350,0
5350,0
5350,0
5350,0
5351,0
5351,0
5356,1
5358,0
5359,0
5360,1
5361,13
5361,2
5363,2
5364,1
5366,1
5375,0
5376,0
5378,0
5378,7
5379,0
5385,0
5391,0
5392,0
5392,0
5393,0
5408,8
5408,6
5409,0
5409,0
5411,0
5411,2
5412,0
5415,0
5416,4
5421,0
5422,0
5422,1
5424,4
5425,21
5428,5
5429,1
5432,13
5432,0
5433,0
5434,0
5436,0
5438,1
5444,0
5445,2
5445,3
5448,5
5449,1
5456,0
5456,2
5459,2
5461,0
5461,4
5462,0
5462,5
5463,0
5464,4
5465,0
5465,3
5465,0
5466,0
5466,1
5467,0
5467,0
5467,1
5468,1
5468,1
5468,9
5471,0
5476,0
5480,2
5482,0
5482,1
5483,0
5484,2
5485,2
5485,1
5486,0
5487,0
5487,0
5488,1
5490,0
5491,0
5492,0
5492,3
5493,0
5494,1
5496,0
5496,1
5497,0
5498,0
5500,1
5501,0
5502,1
5502,0
5505,3
5506,1
5509,1
5513,0
5514,2
5519,3
5519,1
5521,1
5525,0
5526,0
5526,0
5527,1
5528,0
5529,3
5529,2
5534,0
5536,0
5536,0
5540,0
5540,0
5543,1
5543,12
5544,1
5545,5
5545,2
5547,21
5548,3
5551,0
5551,4
5553,0
5556,0
5556,1
5556,1
5558,4
5558,2
5562,1
5563,5
5563,2
5564,1
5566,2
5567,0
5569,1
5571,0
5575,0
5576,1
5578,0
5580,1
5585,1
5585,3
5586,1
5588,5
5591,0
5592,8
5592,0
5593,4
5598,0
5602,0
5602,2
5604,4
5606,1
5609,3
5611,1
5613,0
5614,0
5615,0
5615,1
5615,1
5616,1
5616,5
5617,0
5617,2
5617,0
5618,1
5619,0
5622,2
5623,4
5623,1
5624,0
5625,5
5625,0
5625,1
5625,7
5627,0
5627,2
5631,0
5631,13
5634,2
5634,0
5635,2
5636,1
5638,8
5638,0
5638,0
5644,3
5647,0
5648,0
5648,0
5651,1
5652,0
5653,0
5655,1
5658,0
5660,2
5660,0
5662,2
5663,0
5664,1
5664,0
5666,7
5667,0
5667,1
5667,0
5668,3
5669,0
5670,0
5670,3
5671,0
5671,1
5671,0
5671,0
5673,1
5676,0
5678,0
5678,3
5679,0
5680,1
5680,4
5682,16
5686,0
5687,7
5688,0
5691,1
5692,0
5692,0
5692,1
5697,1
5702,1
5702,1
5703,1
5705,0
5705,0
5705,0
5705,0
5706,0
5708,1
5708,0
5711,5
5714,0
5714,0
5715,1
5716,0
5716,0
5717,0
5719,1
5722,0
5722,2
5722,1
5723,3
5725,0
5726,6
5727,0
5727,0
5728,0
5729,8
5729,0
5730,0
5731,0
5735,0
5735,8
5735,0
5735,0
5735,0
5739,0
5742,2
5743,0
5746,0
5750,0
5751,0
5753,3
5754,0
5754,1
5758,0
5758,0
5760,0
5762,12
5762,0
5765,0
5767,0
5769,0
5770,1
5770,0
5772,0
5776,0
5777,3
5778,2
5778,0
5779,0
5779,2
5779,1
5782,0
5783,0
5784,1
5786,0
5787,0
5789,0
5790,1
5795,0
5795,16
5795,0
5795,5
5796,5
5798,0
5799,0
5801,0
5802,1
5802,0
5803,1
5804,0
5806,0
5806,0
5807,0
5807,0
5809,0
5812,1
5812,0
5812,0
5813,0
5814,0
5815,0
5815,0
5816,0
5816,1
5816,0
5816,2
5817,2
5817,0
5818,11
5819,0
5820,0
5820,3
5822,0
5823,0
5827,0
5827,1
5828,1
5830,0
5831,0
5831,1
5832,0
5832,0
5833,0
5833,6
5833,1
5834,0
5834,0
5838,3
5839,1
5840,2
5841,0
5847,0
5847,0
5849,0
5850,0
5851,1
5851,1
5852,0
5854,0
5855,0
5855,10
5859,1
5859,0
5859,0
5860,0
5861,16
5862,9
5863,0
5869,1
5870,1
5870,1
5871,1
5873,1
5874,0
5875,5
5876,0
5876,1
5878,0
5878,1
5878,0
5884,1
5885,1
5886,0
5886,2
5888,0
5888,0
5888,1
5889,0
5891,0
5891,3
5891,1
5893,0
5895,1
5898,6
5901,0
5901,0
5902,0
5905,2
5906,0
5906,0
5907,0
5908,0
5908,0
5909,1
5910,2
5911,2
5912,0
5912,0
5914,0
5916,0
5917,0
5924,0
5924,0
5925,0
5926,11
5926,1
5927,0
5928,5
5930,1
5931,3
5932,0
5934,2
5934,1
5935,7
5935,0
5936,1
5938,0
5941,1
5942,0
5942,1
5943,1
5944,5
5945,1
5947,3
5947,1
5950,0
5951,1
5952,1
5952,0
5956,1
5958,1
5958,0
5958,1
5958,0
5959,0
5959,0
5960,0
5960,0
5961,1
5962,1
5963,0
5965,4
5965,1
5970,0
5971,0
5974,0
5974,0
5976,2
5976,1
5977,5
5977,0
5978,0
5981,0
5981,6
5981,8
5986,1
5987,2
5989,2
5990,0
5990,1
5991,0
5993,1
5993,0
5996,1
5996,1
5998,1
5998,0
5999,0
5999,1
6002,8
6003,1
6004,0
6004,1
6005,0
6005,2
6005,0
6007,1
6008,0
6008,1
6008,2
6010,0
6011,0
6012,0
6012,4
6012,0
6013,0
6013,5
6016,1
6017,10
6019,2
6022,1
6023,4
6024,0
6025,0
6026,6
6027,0
6029,2
6031,0
6031,0
6032,1
6033,0
6033,1
6033,1
6035,1
6036,1
6037,1
6037,3
6039,6
6039,1
6039,0
6040,1
6040,1
6040,0
6040,0
6042,1
6043,7
6044,1
6045,0
6050,0
6051,0
6051,1
6053,2
6053,1
6054,0
6055,5
6055,3
6056,0
6057,0
6060,1
6060,5
6060,0
6061,1
6061,0
6063,1
6064,1
6064,2
6064,1
6064,10
6067,1
6068,1
6068,1
6068,0
6068,0
6069,0
6069,1
6072,0
6072,0
6073,7
6074,0
6074,0
6077,0
6078,1
6078,2
6079,0
6080,0
6081,0
6082,6
6082,0
6084,0
6085,2
6085,0
6086,1
6086,0
6087,1
6088,11
6088,4
6088,0
6091,0
6092,2
6092,1
6093,2
6096,16
6098,3
6098,1
6099,1
6101,0
6102,14
6104,1
6104,6
6106,9
6109,5
6109,1
6110,0
6110,1
6113,0
6114,0
6115,6
6117,0
6118,0
6118,2
6119,0
6120,0
6120,2
6123,1
6124,1
6127,0
6127,0
6128,3
6128,1
6129,10
6129,2
6130,0
6130,3
6131,1
6132,0
6134,0
6134,0
6136,1
6137,0
6137,5
6138,1
6142,0
6142,3
6144,0
6147,4
6147,1
6147,1
6147,0
6147,0
6147,2
6148,2
6148,10
6149,0
6149,0
6151,1
6152,0
6154,0
6155,0
6155,1
6155,0
6156,1
6159,1
6159,0
6160,0
6160,2
6161,0
6161,4
6161,0
6162,4
6163,6
6163,1
6165,8
6165,3
6166,0
6168,0
6168,1
6168,0
6169,0
6169,0
6171,0
6172,4
6173,1
6173,0
6173,0
6175,0
6176,5
6178,1
6178,0
6183,1
6183,0
6183,0
6183,0
6183,0
6184,0
6185,0
6186,2
6186,3
6190,0
6192,0
6193,0
6193,0
6194,4
6195,1
6196,0
6197,0
6197,1
6198,4
6199,1
6202,0
6204,0
6204,1
6204,0
6204,1
6205,1
6205,1
6205,0
6206,0
6207,1
6207,0
6209,0
6210,1
6210,1
6211,1
6212,1
6212,0
6213,2
6213,0
6214,4
6216,0
6216,0
6217,0
6218,2
6219,1
6220,1
6220,0
6222,0
6223,1
6223,0
6223,0
6223,11
6225,4
6228,0
6229,0
6229,0
6230,1
6230,0
6232,0
6234,2
6237,0
6237,0
6238,0
6238,1
6239,10
6239,0
6241,2
6241,0
6242,3
6242,0
6243,0
6246,0
6246,0
6246,0
6246,0
6247,0
6247,0
6248,0
6252,0
6253,8
6254,0
6254,1
6256,1
6258,1
6258,0
6260,0
6261,0
6262,2
6262,0
6262,1
6264,0
6265,0
6267,1
6267,4
6269,3
6270,3
6271,1
6271,3
6273,1
6274,0
6274,1
6274,0
6277,2
6277,1
6278,0
6279,0
6280,0
6281,1
6283,1
6283,0
6283,0
6284,0
6284,0
6285,0
6285,0
6288,0
6288,3
6288,0
6290,3
6291,2
6292,1
6294,0
6295,0
6295,1
6295,1
6295,2
6296,1
6296,0
6297,8
6298,0
6299,1
6301,0
6301,0
6302,1
6303,4
6303,0
6303,0
6304,0
6306,0
6308,0
6308,0
6309,0
6309,1
6309,7
6309,2
6311,0
6312,1
6312,1
6313,8
6313,0
6315,1
6316,1
6316,4
6316,1
6317,0
6320,1
6321,2
6323,4
6324,1
6324,5
6324,0
6325,1
6327,0
6327,1
6328,0
6330,1
6331,5
6331,1
6332,0
6333,0
6333,0
6335,1
6335,0
6335,1
6337,10
6338,1
6338,1
6338,0
6338,1
6340,8
6341,0
6341,0
6341,1
6343,1
6347,0
6347,1
6348,1
6348,5
6350,0
6350,9
6351,1
6351,0
6352,1
6352,0
6352,0
6353,0
6353,1
6354,0
6354,0
6354,8
6355,0
6356,0
6357,1
6358,0
6358,1
6359,1
6359,3
6361,8
6362,0
6362,1
6362,0
6363,0
6363,1
6363,1
6364,0
6365,1
6367,2
6368,0
6369,2
6372,2
6372,0
6372,0
6373,2
6374,0
6376,2
6377,1
6378,1
6379,0
6379,1
6380,0
6380,1
6382,0
6383,1
6385,11
6385,0
6386,0
6386,0
6391,1
6391,0
6391,0
6392,1
6394,1
6395,1
6396,2
6397,1
6397,0
6401,0
6402,1
6403,1
6405,1
6406,0
6408,0
6409,0
6409,0
6410,4
6411,0
6411,0
6411,1
6411,0
6413,1
6413,0
6414,1
6414,1
6414,0
6414,10
6414,1
6415,2
6415,5
6416,0
6416,0
6417,0
6417,1
6417,4
6418,0
6418,1
6418,2
6418,0
6420,0
6421,1
6422,1
6422,1
6422,12
6422,0
6422,2
6422,1
6423,0
6423,1
6424,3
6426,0
6429,2
6430,0
6430,0
6432,2
6432,0
6432,1
6433,0
6434,1
6434,0
6435,0
6436,0
6437,0
6438,3
6439,0
6439,0
6439,4
6442,2
6443,0
6445,3
6446,1
6446,2
6447,0
6448,1
6450,0
6452,3
6453,0
6453,0
6454,0
6456,1
6456,0
6457,0
6457,0
6459,1
6459,0
6461,0
6461,1
6462,2
6462,10
6463,1
6464,0
6467,0
6468,0
6468,0
6469,0
6469,1
6470,6
6470,0
6471,7
6471,6
6472,0
6472,0
6472,0
6472,1
6472,2
6474,1
6477,1
6478,0
6479,0
6479,0
6483,3
6483,1
6485,0
6486,13
6486,1
6487,1
6488,0
6488,0
6489,0
6491,1
6492,2
6492,2
6492,0
6494,0
6494,2
6496,1
6496,1
6497,5
6498,0
6499,5
6499,1
6499,2
6499,0
6500,1
6500,1
6501,0
6501,0
6503,1
6504,1
6506,2
6506,0
6508,9
6508,0
6509,6
6511,1
6514,3
6514,0
6514,7
6514,2
6514,10
6515,2
6516,3
6516,0
6517,1
6519,2
6523,1
6524,0
6524,0
6524,1
6524,0
6525,1
6527,12
6527,0
6527,0
6528,0
6529,5
6529,2
6530,1
6530,0
6530,5
6531,1
6532,2
6533,1
6535,2
6536,0
6537,0
6538,1
6538,0
6538,5
6538,1
6538,0
6538,0
6538,0
6539,1
6539,2
6539,2
6540,0
6540,0
6540,0
6540,1
6540,3
6540,1
6541,1
6541,1
6541,0
6541,0
6542,0
6543,3
6544,1
6545,1
6546,6
6547,0
6547,1
6548,0
6549,0
6549,1
6549,0
6550,0
6550,1
6551,1
6554,0
6555,0
6556,0
6558,0
6558,0
6558,1
6559,8
6559,0
6559,0
6560,1
6560,1
6560,0
6561,0
6561,0
6563,0
6563,0
6563,1
6564,3
6564,1
6564,0
6565,2
6566,0
6567,0
6567,1
6568,1
6570,1
6570,0
6571,2
6573,2
6573,0
6574,1
6576,1
6576,0
6579,1
6579,0
6580,6
6580,0
6582,14
6583,0
6583,0
6583,0
6584,0
6584,0
6586,0
6586,0
6586,0
6587,1
6587,0
6588,3
6588,0
6589,0
6590,0
6591,2
6592,0
6592,5
6592,1
6594,0
6595,1
6595,3
6595,0
6596,2
6596,0
6597,0
6598,2
6598,0
6599,0
6601,0
6602,0
6602,1
6606,0
6606,0
6608,7
6608,2
6610,0
6612,0
6612,1
6612,1
6614,2
6614,0
6615,2
6615,5
6615,5
6616,0
6617,0
6618,0
6619,1
6621,0
6622,0
6622,0
6624,1
6624,0
6624,5
6625,1
6625,7
6625,0
6625,0
6625,3
6625,1
6627,0
6627,0
6627,0
6628,2
6629,0
6630,0
6630,0
6630,0
6630,0
6630,1
6632,1
6632,0
6634,0
6637,1
6637,1
6639,1
6640,0
6640,4
6641,0
6641,7
6641,1
6642,5
6642,0
6642,2
6642,0
6643,1
6644,0
6645,0
6646,0
6647,2
6648,1
6649,0
6650,0
6650,0
6650,0
6651,0
6652,0
6652,11
6653,3
6653,1
6656,0
6656,1
6657,7
6657,0
6657,6
6659,3
6659,0
6663,0
6664,1
6665,1
6666,0
6668,1
6670,0
6671,0
6673,0
6673,0
6674,11
6675,3
6676,5
6676,0
6678,1
6679,0
6679,0
6680,9
6680,0
6681,10
6683,0
6685,0
6690,4
6691,5
6691,0
6694,0
6694,3
6695,0
6696,5
6697,0
6697,3
6697,0
6698,0
6699,3
6702,0
6702,3
6703,0
6704,1
6705,0
6707,0
6708,0
6712,0
6712,7
6712,0
6713,6
6714,0
6714,5
6715,3
6715,1
6717,2
6718,0
6719,1
6720,1
6722,0
6723,0
6723,1
6723,0
6724,10
6725,3
6725,0
6725,0
6725,0
6727,2
6727,4
6728,0
6728,1
6729,0
6731,0
6732,7
6732,2
6734,0
6735,1
6738,2
6738,0
6739,0
6739,0
6739,0
6739,0
6740,0
6740,0
6740,2
6740,1
6741,1
6741,2
6741,1
6742,0
6742,0
6744,1
6744,2
6745,0
6746,0
6747,1
6747,0
6748,0
6748,1
6748,4
6749,3
6749,0
6750,0
6751,9
6751,1
6752,0
6754,4
6754,0
6754,0
6756,0
6756,1
6756,0
6760,1
6761,0
6762,0
6763,1
6764,8
6765,5
6766,0
6767,0
6767,2
6768,1
6768,0
6769,0
6769,0
6769,0
6770,10
6770,1
6770,0
6770,4
6773,0
6774,0
6775,1
6776,0
6776,5
6776,1
6778,0
6778,5
6779,5
6780,1
6781,0
6782,2
6785,0
6785,6
6786,1
6786,0
6787,0
6787,1
6787,0
6788,0
6788,3
6788,0
6790,0
6791,6
6793,1
6796,0
6797,3
6797,6
6797,0
6798,0
6798,1
6798,0
6798,1
6799,0
6800,0
6801,1
6801,2
6801,0
6802,2
6803,0
6803,0
6804,1
6806,0
6807,2
6808,0
6809,1
6809,0
6812,1
6813,0
6813,0
6814,0
6814,0
6815,5
6815,0
6816,0
6816,3
6818,4
6818,0
6819,1
6819,1
6819,1
6820,1
6820,0
6821,2
6822,0
6823,0
6825,1
6825,6
6825,3
6828,0
6828,1
6829,1
6829,0
6832,14
6833,2
6833,0
6835,4
6837,3
6837,0
6837,1
6838,7
6838,0
6838,2
6838,2
6839,0
6839,0
6839,1
6839,0
6840,0
6840,1
6840,1
6841,0
6841,0
6841,1
6843,2
6843,2
6843,1
6845,0
6845,2
6847,3
6847,4
6848,0
6848,0
6848,0
6851,2
6853,3
6853,1
6853,1
6853,0
6854,1
6855,0
6855,0
6857,1
6859,1
6859,0
6859,1
6860,0
6861,2
6862,0
6862,0
6863,0
6863,0
6863,1
6864,0
6865,2
6865,5
6866,0
6866,2
6867,1
6868,0
6870,10
6872,1
6872,2
6872,0
6874,0
6874,15
6875,0
6875,1
6876,1
6876,0
6878,4
6878,0
6880,0
6880,0
6881,0
6882,1
6882,0
6882,0
6884,3
6884,0
6885,0
6885,0
6885,0
6886,2
6887,8
6887,0
6888,0
6890,0
6890,0
6890,0
6892,1
6893,1
6893,1
6894,1
6894,2
6894,6
6894,3
6895,2
6896,0
6898,1
6898,1
6900,0
6901,0
6901,2
6903,1
6904,0
6904,0
6905,1
6905,0
6905,0
6906,1
6906,0
6907,0
6909,2
6910,0
6910,0
6910,0
6910,0
6910,3
6912,0
6912,0
6912,1
6913,1
6913,0
6913,0
6913,0
6915,1
6916,0
6917,0
6918,0
6918,10
6918,0
6919,0
6919,1
6920,1
6922,3
6923,2
6923,0
6925,0
6928,0
6928,2
6931,0
6934,3
6935,0
6936,5
6937,0
6939,0
6940,0
6940,0
6940,0
6941,0
6946,0
6946,0
6946,0
6947,0
6948,2
6949,0
6950,3
6951,0
6951,0
6951,0
6952,4
6953,0
6953,7
6956,0
6957,0
6957,1
6959,2
6959,1
6960,2
6961,0
6962,0
6963,0
6964,1
6964,1
6965,0
6965,0
6965,0
6966,5
6966,0
6966,0
6966,0
6967,1
6967,1
6967,1
6967,0
6967,0
6968,4
6968,0
6968,0
6969,1
6969,0
6969,0
6971,0
6971,0
6974,0
6974,0
6974,0
6974,0
6976,0
6977,5
6978,0
6979,0
6979,0
6981,2
6982,0
6982,0
6982,0
6984,2
6985,0
6987,0
6987,1
6988,0
6988,1
6990,0
6994,1
6996,0
6996,1
6997,0
6997,1
6998,0
6998,0
6999,2
7000,1
7001,3
7002,3
7003,0
7003,0
7004,0
7004,0
7005,0
7006,0
7006,1
7006,0
7007,0
7009,0
7010,0
7011,1
7011,2
7012,0
7012,0
7012,1
7013,0
7014,0
7014,0
7017,5
7018,0
7019,2
7019,0
7020,0
7020,5
7020,0
7021,0
7023,0
7025,0
7027,0
7028,0
7030,0
7030,0
7030,7
7033,1
7033,0
7036,4
7036,0
7037,1
7037,2
7037,6
7038,6
7038,11
7038,0
7039,1
7041,1
7042,2
7043,0
7043,2
7045,0
7045,1
7046,0
7046,0
7047,0
7048,0
7051,0
7051,0
7052,0
7055,0
7056,0
7056,5
7057,0
7058,2
7058,5
7059,1
7060,0
7061,2
7061,1
7061,1
7061,0
7062,0
7063,8
7063,0
7064,0
7065,0
7066,0
7069,1
7070,1
7070,1
7071,4
7071,2
7071,1
7073,5
7074,0
7074,3
7075,2
7075,3
7075,0
7076,0
7077,2
7077,1
7078,0
7081,0
7082,3
7083,0
7084,1
7085,0
7085,1
7086,0
7086,0
7088,0
7089,1
7089,0
7090,13
7091,5
7091,0
7092,0
7092,4
7094,7
7095,0
7096,6
7098,2
7098,0
7098,0
7099,1
7100,0
7100,0
7101,3
7101,2
7102,0
7104,14
7104,1
7104,2
7104,0
7105,0
7105,0
7109,0
7109,0
7109,0
7109,0
7110,0
7110,3
7111,0
7111,0
7112,7
7114,3
7115,0
7115,0
7115,1
7116,0
7116,1
7116,0
7117,1
7117,1
7117,0
7118,4
7118,5
7119,8
7119,2
7119,2
7121,0
7123,1
7124,1
7126,1
7128,0
7131,0
7131,0
7134,1
7134,0
7137,0
7137,2
7139,0
7140,0
7140,0
7140,1
7142,0
7143,1
7145,2
7147,0
7148,2
7148,0
7149,1
7151,0
7151,1
7152,0
7153,1
7153,5
7154,6
7157,0
7157,0
7157,1
7158,0
7159,0
7160,0
7162,5
7163,1
7164,4
7165,0
7165,3
7166,0
7167,4
7168,0
7170,0
7171,8
7171,5
7172,0
7174,0
7176,0
7177,0
7177,0
7178,0
7178,1
7179,0
7181,0
7182,5
7182,2
7182,2
7183,0
7184,0
7184,2
7184,9
7184,2
7185,0
7186,5
7186,0
7188,0
7189,0
7190,0
7190,2
7191,0
7192,5
7193,0
7195,0
7195,4
7195,10
7196,0
7197,1
7197,0
7200,1
7200,0
7200,0
7202,1
7203,0
7204,0
7204,0
7205,0
7205,0
7205,7
7208,0
7210,3
7210,0
7210,0
7210,0
7212,1
7212,0
7213,0
7213,1
7213,0
7215,0
7216,4
7216,1
7216,0
7219,1
7220,2
7220,0
7220,1
7220,1
7221,3
7221,1
7223,1
7223,0
7223,4
7224,1
7224,0
7226,1
7228,0
7230,2
7233,2
7233,2
7235,1
7235,0
7236,1
7239,0
7239,1
7239,1
7239,0
7239,9
7240,0
7241,1
7243,0
7245,1
7247,0
7249,2
7250,0
7251,0
7253,0
7254,3
7256,0
7258,0
7259,0
7260,6
7262,2
7262,3
7263,0
7264,0
7266,1
7267,2
7268,1
7268,4
7268,0
7269,2
7269,0
7269,0
7269,3
7269,0
7273,0
7273,0
7274,3
7274,0
7274,0
7274,5
7274,0
7275,1
7275,2
7275,1
7277,0
7278,6
7278,0
7279,0
7279,1
7281,0
7282,3
7282,0
7283,1
7284,5
7285,2
7287,1
7290,13
7290,5
7291,2
7291,1
7293,1
7293,1
7293,3
7295,6
7295,0
7296,2
7296,0
7297,0
7297,7
7298,0
7300,1
7300,0
7300,0
7301,2
7303,0
7303,0
7306,1
7307,1
7309,0
7310,0
7311,0
7313,0
7313,0
7313,1
7314,0
7314,0
7315,3
7316,0
7317,1
7318,2
7321,2
7324,1
7325,1
7325,1
7326,0
7328,0
7329,8
7329,0
7329,1
7330,0
7330,1
7331,6
7331,1
7332,1
7333,2
7333,1
7333,2
7334,0
7335,2
7335,0
7335,2
7335,2
7336,0
7337,0
7338,2
7342,0
7343,1
7344,4
7344,0
7344,0
7345,2
7347,0
7348,1
7348,1
7348,1
7349,0
7350,0
7350,0
7350,1
7352,0
7353,0
7354,1
7354,0
7355,0
7355,2
7357,0
7358,4
7361,0
7361,0
7361,6
7362,1
7362,0
7363,1
7366,0
7366,0
7367,3
7368,0
7368,0
7368,0
7369,1
7370,0
7371,0
7371,1
7371,0
7372,1
7372,0
7373,0
7373,7
7375,0
7377,0
7379,0
7379,0
7380,0
7380,1
7380,1
7382,2
7384,0
7384,2
7385,0
7385,0
7385,1
7387,1
7387,0
7387,0
7388,1
7389,0
7390,3
7391,0
7391,1
7393,1
7393,0
7394,0
7394,6
7398,1
7398,1
7399,0
7400,1
7400,0
7400,7
7400,0
7401,1
7403,4
7403,3
7404,3
7405,1
7405,1
7407,0
7409,0
7409,4
7411,1
7411,0
7412,1
7412,0
7413,0
7414,0
7416,0
7417,1
7418,2
7418,3
7419,3
7420,3
7420,0
7420,0
7420,1
7421,2
7422,0
7422,0
7424,0
7424,0
7424,1
7425,0
7425,0
7428,0
7429,3
7429,0
7431,0
7431,0
7432,0
7433,0
7433,0
7434,0
7434,0
7435,0
7436,0
7436,1
7437,1
7438,0
7439,6
7440,1
7440,0
7440,0
7441,0
7441,0
7443,0
7443,1
7445,0
7448,4
7449,1
7451,0
7453,0
7453,10
7453,1
7453,1
7454,0
7455,1
7455,0
7457,0
7458,0
7459,1
7459,0
7459,0
7460,0
7460,1
7461,1
7462,2
7463,11
7464,1
7464,1
7465,9
7466,1
7467,5
7468,8
7468,0
7468,0
7469,1
7470,0
7470,0
7471,0
7471,0
7471,1
7471,0
7472,0
7472,0
7473,1
7474,2
7474,0
7476,0
7477,7
7477,2
7478,0
7479,1
7480,4
7481,1
7481,0
7485,0
7485,0
7486,0
7487,0
7487,0
7489,1
7490,1
7492,0
7495,1
7496,3
7496,0
7498,2
7499,8
7499,5
7505,0
7506,3
7507,1
7508,0
7508,0
7511,4
7511,0
7511,0
7512,0
7514,7
7514,0
7515,4
7516,0
7516,2
7517,5
7517,0
7517,1
7518,0
7518,0
7519,0
7519,0
7519,0
7520,0
7520,3
7522,0
7522,1
7523,2
7524,11
7525,0
7525,7
7527,8
7527,0
7528,1
7528,1
7529,0
7529,0
7530,0
7531,2
7533,0
7533,0
7534,0
7534,0
7535,0
7535,0
7535,3
7537,4
7539,2
7540,0
7540,2
7541,0
7544,0
7545,0
7546,5
7546,0
7547,13
7547,2
7552,0
7554,1
7556,1
7556,0
7556,0
7557,2
7557,1
7558,0
7562,0
7562,1
7562,0
7564,2
7565,1
7565,0
7568,0
7569,0
7571,0
7572,0
7573,5
7573,0
7573,1
7574,0
7574,0
7574,1
7575,0
7576,0
7576,0
7577,1
7577,3
7577,1
7577,3
7578,0
7578,0
7578,2
7580,1
7583,1
7584,1
7584,0
7587,0
7587,8
7588,0
7591,1
7591,0
7591,0
7592,0
7593,4
7593,3
7594,2
7594,0
7595,1
7596,0
7598,0
7599,1
7600,0
7601,1
7603,0
7603,2
7604,0
7605,0
7605,0
7606,0
7606,0
7607,4
7610,2
7610,2
7610,2
7610,0
7611,0
7612,1
7612,0
7613,0
7613,1
7614,0
7614,3
7615,2
7617,0
7617,0
7619,0
7620,0
7620,0
7621,0
7621,0
7624,1
7625,5
7627,1
7627,0
7627,0
7627,7
7628,1
7631,0
7636,0
7636,7
7636,2
7637,2
7638,2
7638,1
7639,1
7639,1
7639,0
7639,0
7640,2
7640,0
7641,0
7642,0
7645,1
7645,2
7646,0
7646,0
7648,7
7649,0
7650,0
7651,0
7651,4
7651,0
7652,0
7652,0
7655,3
7655,0
7656,5
7658,0
7658,4
7659,1
7660,1
7661,0
7663,0
7664,0
7664,0
7665,0
7665,0
7666,0
7666,0
7667,0
7669,0
7669,1
7670,1
7671,0
7671,0
7671,1
7672,2
7672,0
7673,0
7674,3
7675,0
7675,0
7676,0
7676,6
7676,0
7677,4
7677,1
7677,0
7678,3
7679,0
7679,0
7680,1
7680,1
7681,0
7683,5
7684,0
7685,1
7685,0
7685,1
7686,14
7687,0
7688,0
7689,0
7689,2
7690,0
7690,7
7691,0
7691,3
7692,0
7692,0
7693,1
7693,2
7695,0
7695,0
7696,0
7697,0
7697,0
7697,0
7697,1
7698,1
7699,3
7700,0
7700,0
7701,0
7701,1
7701,0
7705,0
7707,0
7707,2
7708,1
7708,5
7708,3
7709,0
7711,4
7711,0
7714,3
7715,4
7716,1
7717,1
7717,2
7718,3
7718,4
7718,1
7719,5
7719,0
7720,0
7721,4
7723,0
7723,0
7724,1
7725,0
7726,0
7728,0
7728,1
7729,0
7729,1
7732,0
7733,0
7734,7
7735,3
7735,0
7735,0
7736,2
7736,2
7737,0
7738,0
7741,2
7742,0
7743,0
7743,1
7745,0
7745,1
7745,2
7747,1
7748,0
7748,1
7750,0
7750,0
7751,0
7751,1
7751,0
7751,0
7752,0
7755,1
7756,2
7758,0
7758,3
7758,0
7759,0
7759,2
7760,0
7760,0
7761,0
7761,0
7761,0
7761,0
7763,2
7763,4
7763,3
7764,0
7764,1
7767,1
7767,0
7768,12
7768,0
7770,0
7770,0
7771,0
7773,0
7773,2
7774,0
7775,6
7775,0
7776,1
7776,0
7776,0
7777,0
7780,3
7780,1
7780,0
7782,0
7783,0
7784,3
7784,1
7785,0
7785,1
7785,0
7786,1
7787,2
7788,0
7791,0
7792,2
7792,0
7792,0
7795,0
7796,0
7798,0
7800,0
7801,0
7801,0
7801,1
7802,1
7802,1
7803,0
7804,1
7808,1
7809,1
7810,1
7810,1
7812,1
7813,0
7813,1
7815,4
7815,7
7816,1
7816,0
7818,0
7818,0
7819,0
7820,14
7820,0
7821,1
7822,1
7822,0
7822,0
7823,0
7823,0
7823,1
7824,0
7824,0
7825,9
7825,1
7829,4
7829,0
7832,1
7833,1
7833,0
7833,0
7835,0
7835,1
7836,0
7836,1
7836,1
7837,0
7840,0
7841,1
7842,6
7842,0
7842,0
7843,1
7844,0
7846,0
7847,0
7847,1
7848,0
7849,1
7850,0
7852,0
7852,2
7853,0
7855,0
7857,2
7859,4
7860,2
7861,2
7862,1
7862,0
7863,5
7863,0
7863,8
7863,1
7863,1
7864,0
7864,1
7864,2
7865,0
7865,0
7866,2
7867,0
7867,0
7868,1
7870,1
7870,1
7870,0
7871,1
7871,0
7872,0
7872,3
7873,0
7874,0
7876,0
7877,4
7879,0
7879,1
7880,0
7881,0
7881,2
7882,0
7882,0
7882,0
7884,1
7885,0
7886,1
7887,1
7888,1
7889,2
7889,1
7890,0
7891,0
7891,0
7892,19
7893,1
7894,0
7894,1
7896,3
7896,0
7897,1
7897,0
7897,0
7899,1
7899,0
7900,0
7900,0
7901,4
7901,0
7901,1
7903,0
7905,3
7906,1
7906,4
7907,3
7907,0
7909,1
7909,0
7910,0
7911,0
7911,1
7911,0
7912,5
7914,4
7916,1
7917,1
7918,1
7918,0
7918,0
7920,2
7921,0
7923,0
7925,6
7925,0
7928,1
7930,2
7931,0
7931,0
7931,1
7932,0
7933,0
7934,1
7935,2
7936,1
7937,5
7939,15
7941,0
7943,0
7943,0
7943,0
7944,0
7944,1
7945,1
7946,2
7946,1
7948,0
7948,0
7948,0
7950,0
7951,1
7952,1
7952,0
7953,0
7953,0
7954,0
7954,1
7955,1
7956,0
7956,1
7956,1
7957,0
7957,3
7957,1
7958,0
7958,1
7958,1
7959,1
7963,0
7963,0
7963,0
7964,0
7964,1
7964,0
7967,0
7967,0
7969,0
7970,0
7971,0
7971,3
7972,1
7973,1
7974,3
7977,1
7978,0
7978,0
7979,1
7979,0
7981,0
7981,6
7981,0
7982,0
7982,0
7983,2
7985,0
7989,1
7989,2
7990,1
7991,0
7991,0
7991,4
7993,0
7994,0
7996,0
7997,1
7997,0
7998,0
8000,1
8002,0
8003,2
8004,7
8004,0
8005,0
8007,0
8007,0
8008,0
8009,15
8009,0
8009,1
8012,0
8012,0
8013,0
8014,1
8014,2
8015,2
8015,0
8016,0
8016,0
8017,0
8017,0
8018,0
8018,0
8021,0
8021,1
8021,0
8024,2
8026,6
8026,1
8026,2
8026,0
8026,0
8027,1
8027,0
8028,2
8028,0
8029,7
8029,0
8029,1
8030,1
8030,8
8031,0
8031,0
8031,0
8031,0
8032,0
8032,0
8032,1
8035,1
8036,0
8039,4
8040,1
8041,0
8041,1
8042,0
8042,0
8042,1
8043,1
8043,0
8045,2
8045,0
8046,1
8047,0
8048,0
8048,0
8048,2
8048,1
8050,5
8050,0
8050,3
8051,0
8051,1
8052,2
8054,1
8054,0
8055,0
8056,0
8056,1
8056,0
8057,1
8057,0
8057,1
8057,0
8057,1
8061,2
8061,0
8061,0
8062,0
8065,1
8066,0
8066,1
8067,0
8067,2
8067,1
8069,0
8070,0
8070,6
8070,2
8071,4
8071,3
8072,1
8073,0
8073,0
8074,1
8074,1
8075,0
8076,0
8076,5
8077,0
8078,5
8079,0
8079,0
8080,0
8081,0
8081,0
8082,3
8084,0
8085,7
8086,1
8086,8
8086,1
8087,7
8087,0
8087,1
8087,0
8089,0
8089,0
8090,11
8091,0
8091,7
8093,0
8093,0
8094,0
8095,0
8095,0
8096,3
8096,1
8097,6
8098,1
8098,1
8099,0
8100,6
8101,3
8102,0
8103,0
8103,0
8104,2
8105,0
8106,0
8106,0
8107,0
8108,0
8108,1
8108,0
8108,0
8109,0
8109,1
8117,5
8119,0
8120,0
8122,2
8122,0
8125,0
8127,0
8127,0
8127,0
8127,0
8128,2
8128,1
8129,4
8129,1
8129,0
8129,5
8129,1
8130,0
8130,2
8130,2
8133,5
8134,0
8135,0
8136,7
8136,1
8136,0
8139,1
8140,0
8140,6
8140,0
8141,2
8141,0
8141,5
8141,0
8142,1
8143,0
8143,3
8145,2
8146,1
8146,1
8146,3
8146,2
8147,3
8149,1
8150,1
8151,2
8153,2
8153,6
8154,0
8154,0
8155,1
8155,1
8156,0
8157,0
8159,0
8160,0
8161,3
8161,0
8161,0
8162,0
8163,4
8164,9
8165,5
8166,1
8166,0
8167,11
8168,0
8168,0
8168,0
8169,2
8170,0
8171,1
8171,3
8173,0
8174,2
8175,0
8179,1
8179,0
8180,6
8180,0
8180,0
8180,9
8181,1
8181,1
8183,2
8184,2
8186,0
8188,0
8188,0
8189,1
8189,4
8191,0
8193,2
8194,4
8196,3
8196,0
8196,0
8199,0
8200,0
8201,0
8203,2
8204,0
8204,0
8204,0
8207,1
8207,0
8207,0
8207,2
8207,0
8207,0
8208,0
8208,1
8209,1
8209,1
8210,1
8210,0
8212,0
8213,0
8213,0
8214,6
8215,0
8215,0
8216,5
8216,0
8217,0
8217,0
8217,1
8218,0
8218,0
8221,0
8222,0
8222,0
8222,0
8222,0
8222,0
8223,2
8225,0
8225,0
8225,7
8225,1
8227,5
8227,1
8227,0
8227,0
8227,0
8228,0
8228,2
8229,1
8229,1
8230,0
8231,2
8231,0
8231,1
8233,0
8233,0
8233,1
8234,1
8234,0
8235,1
8236,0
8236,0
8237,0
8238,0
8238,0
8239,1
8239,0
8240,0
8240,3
8241,2
8241,2
8242,1
8242,3
8242,2
8243,0
8243,0
8245,16
8245,0
8245,4
8248,0
8249,0
8250,0
8251,5
8251,0
8252,0
8253,1
8255,2
8255,1
8256,2
8257,0
8257,0
8258,12
8258,0
8258,0
8259,0
8259,0
8260,7
8260,0
8260,0
8262,2
8262,0
8264,1
8265,0
8266,1
8267,0
8269,0
8269,0
8272,0
8273,0
8273,0
8275,0
8276,0
8277,0
8277,0
8277,0
8277,0
8278,0
8278,2
8280,0
8283,1
8283,0
8284,1
8285,1
8287,1
8287,4
8288,0
8290,0
8291,2
8292,1
8292,0
8292,0
8293,8
8293,0
8294,2
8296,1
8296,0
8297,1
8299,0
8300,1
8300,0
8301,1
8301,1
8303,0
8304,0
8304,0
8305,0
8306,4
8307,2
8308,0
8309,0
8310,1
8311,2
8311,0
8311,0
8312,4
8313,0
8313,1
8314,2
8314,0
8315,16
8317,0
8318,0
8319,1
8319,1
8319,0
8320,3
8321,6
8321,0
8322,0
8322,7
8323,0
8323,1
8325,1
8326,4
8326,0
8330,1
8330,5
8330,0
8332,0
8332,1
8334,1
8336,2
8337,6
8337,2
8339,3
8339,0
8339,0
8339,4
8340,1
8340,2
8343,1
8344,1
8345,0
8345,0
8346,1
8347,0
8347,5
8347,1
8350,1
8351,2
8352,2
8354,7
8354,1
8355,0
8356,1
8357,2
8357,0
8357,0
8361,0
8362,0
8363,0
8363,0
8365,2
8368,2
8368,0
8369,1
8370,0
8373,0
8373,0
8374,0
8374,2
8374,0
8375,0
8376,0
8377,0
8377,13
8377,2
8378,0
8378,1
8379,1
8379,0
8381,1
8381,1
8381,2
8382,4
8383,0
8383,0
8383,1
8384,0
8384,1
8384,5
8385,0
8387,0
8387,1
8390,2
8391,1
8393,1
8393,1
8395,0
8396,0
8397,0
8397,0
8399,0
8399,3
8399,1
8399,1
8401,0
8402,3
8403,5
8403,1
8403,4
8406,9
8406,0
8406,0
8407,0
8407,0
8408,0
8409,0
8411,0
8411,14
8411,0
8411,1
8412,3
8412,0
8414,2
8416,3
8416,0
8416,1
8417,0
8417,0
8417,1
8417,2
8419,0
8419,0
8419,0
8420,7
8420,0
8420,0
8421,10
8422,6
8423,0
8424,0
8424,3
8424,1
8425,4
8426,0
8426,1
8427,11
8428,0
8429,0
8430,0
8430,1
8430,1
8433,0
8435,5
8435,1
8435,0
8436,1
8436,0
8436,0
8437,1
8439,4
8439,0
8440,0
8441,0
8442,4
8445,0
8445,0
8446,1
8446,1
8447,0
8447,1
8448,0
8448,0
8449,0
8449,2
8450,0
8451,2
8452,0
8452,0
8452,0
8453,6
8453,2
8453,0
8453,0
8453,0
8453,2
8454,0
8454,1
8455,0
8455,3
8456,1
8457,0
8457,0
8457,12
8457,0
8458,0
8460,0
8461,0
8461,0
8463,4
8463,0
8464,1
8464,0
8465,0
8467,5
8470,0
8470,7
8473,3
8474,0
8474,0
8475,0
8477,3
8478,1
8478,1
8478,3
8479,0
8482,0
8482,10
8483,5
8483,2
8484,0
8486,1
8486,0
8486,1
8486,1
8487,1
8487,1
8489,2
8489,0
8490,0
8490,1
8492,0
8492,0
8493,0
8493,0
8494,9
8495,0
8496,3
8497,1
8499,0
8499,2
8501,1
8501,0
8502,0
8502,2
8502,2
8503,1
8503,0
8504,0
8504,0
8504,1
8505,0
8506,0
8507,0
8508,0
8509,0
8510,1
8510,0
8511,1
8512,1
8514,1
8514,1
8514,0
8515,0
8515,0
8517,1
8517,1
8518,0
8519,0
8522,1
8522,2
8524,4
8524,2
8525,2
8525,8
8525,0
8526,1
8527,2
8527,0
8527,6
8527,0
8527,0
8528,2
8528,6
8529,0
8530,0
8532,2
8533,2
8534,1
8536,2
8537,0
8539,0
8541,1
8541,1
8542,0
8542,0
8542,0
8547,0
8547,5
8547,1
8548,2
8550,1
8550,0
8552,0
8552,1
8553,6
8554,0
8554,1
8556,0
8556,2
8556,0
8557,0
8557,0
8558,4
8559,0
8560,1
8560,1
8561,0
8561,4
8562,1
8563,0
8563,5
8566,1
8567,1
8567,1
8567,0
8569,0
8570,1
8570,0
8570,1
8570,0
8571,0
8571,2
8571,1
8572,0
8572,1
8575,11
8575,0
8575,2
8575,0
8576,0
8579,0
8579,0
8579,8
8581,1
8581,2
8583,0
8583,0
8584,1
8586,0
8588,1
8591,0
8591,0
8592,2
8594,0
8594,1
8594,1
8595,4
8595,0
8595,0
8597,0
8598,8
8600,5
8602,0
8602,2
8602,0
8602,10
8602,0
8602,4
8603,1
8604,0
8608,0
8608,9
8609,0
8610,0
8613,1
8614,1
8614,0
8614,1
8616,4
8616,0
8616,2
8617,0
8617,0
8619,1
8620,0
8620,0
8622,0
8623,1
8623,1
8624,0
8625,0
8625,1
8626,0
8628,0
8628,0
8628,1
8629,0
8630,0
8630,2
8630,4
8631,1
8632,8
8633,1
8634,0
8635,0
8635,0
8636,0
8637,1
8638,0
8639,0
8640,0
8641,0
8641,2
8642,2
8643,3
8643,0
8643,11
8643,2
8644,8
8645,4
8645,1
8646,0
8647,1
8648,1
8648,3
8649,0
8649,0
8649,0
8649,0
8649,0
8649,0
8649,0
8650,1
8652,0
8652,0
8653,1
8655,2
8655,0
8656,1
8656,0
8657,0
8657,0
8657,2
8658,1
8658,2
8658,0
8659,0
8659,1
8660,0
8660,1
8660,2
8660,0
8660,1
8661,0
8661,1
8662,1
8662,1
8662,2
8662,3
8665,6
8666,1
8668,2
8669,2
8670,0
8670,0
8671,0
8671,1
8672,0
8672,2
8672,0
8673,3
8674,1
8674,0
8675,2
8676,0
8679,0
8679,2
8680,0
8681,8
8682,1
8684,0
8684,0
8685,1
8685,0
8687,0
8687,0
8690,1
8690,2
8691,0
8691,2
8692,0
8695,5
8698,0
8698,0
8699,0
8700,0
8700,1
8701,2
8703,0
8704,8
8704,4
8705,15
8705,0
8706,0
8706,0
8707,2
8707,1
8707,0
8707,3
8708,0
8709,0
8710,0
8711,0
8714,10
8714,0
8715,1
8715,6
8716,1
8718,0
8720,10
8721,0
8727,0
8727,0
8728,0
8729,0
8729,0
8730,0
8731,0
8738,0
8739,0
8742,0
8745,2
8745,0
8747,1
8748,1
8750,1
8750,0
8751,1
8751,1
8752,0
8752,1
8753,12
8753,1
8754,3
8757,0
8757,3
8758,0
8759,0
8759,1
8761,1
8762,0
8763,0
8763,1
8763,0
8764,0
8764,0
8764,1
8765,1
8766,1
8767,1
8767,0
8770,0
8771,4
8771,0
8771,1
8771,4
8774,2
8775,2
8775,0
8775,0
8775,0
8776,4
8778,0
8778,0
8779,1
8780,0
8780,1
8781,0
8782,0
8782,0
8782,10
8784,0
8785,0
8786,0
8787,16
8788,1
8788,0
8788,0
8789,2
8789,4
8792,0
8792,0
8792,0
8793,0
8795,7
8796,0
8797,0
8800,4
8800,4
8802,12
8802,1
8804,0
8804,0
8805,0
8806,0
8807,0
8807,2
8810,1
8810,1
8811,1
8811,3
8812,1
8812,1
8815,0
8815,0
8817,0
8818,0
8818,0
8818,8
8818,0
8820,1
8820,5
8820,0
8821,3
8821,0
8822,2
8823,6
8823,0
8824,3
8824,0
8825,0
8827,0
8827,0
8827,0
8829,0
8829,1
8829,14
8830,1
8831,0
8831,4
8831,0
8831,0
8832,1
8832,1
8833,0
8834,0
8834,1
8835,2
8835,0
8836,1
8836,0
8837,0
8837,0
8838,0
8841,3
8843,2
8845,0
8846,0
8846,1
8847,0
8847,0
8848,0
8848,1
8848,0
8848,1
8849,1
8849,1
8850,5
8850,7
8851,0
8852,2
8852,0
8852,0
8853,0
8853,1
8853,1
8854,1
8855,0
8856,0
8857,1
8857,0
8858,0
8858,2
8858,0
8859,5
8859,1
8859,0
8859,1
8860,0
8860,0
8860,0
8861,0
8862,0
8863,2
8863,0
8865,0
8865,0
8867,0
8867,0
8868,0
8868,3
8868,1
8869,1
8870,2
8870,0
8871,0
8873,4
8874,0
8875,0
8876,0
8879,0
8879,0
8880,0
8880,0
8880,0
8882,0
8883,2
8883,0
8887,2
8887,1
8887,0
8888,1
8888,0
8889,0
8891,0
8891,0
8892,2
8893,5
8894,0
8895,2
8896,0
8896,0
8897,3
8897,0
8898,0
8898,0
8898,1
8898,0
8898,0
8898,1
8898,0
8899,1
8900,3
8902,1
8903,0
8903,0
8904,0
8905,1
8907,0
8907,0
8907,0
8910,0
8910,0
8911,0
8913,2
8913,0
8914,0
8914,1
8914,0
8915,3
8917,0
8920,0
8921,0
8922,0
8922,0
8923,1
8923,0
8924,7
8925,0
8925,8
8925,0
8926,0
8928,1
8930,0
8930,7
8930,0
8931,0
8932,0
8933,0
8933,1
8935,1
8936,0
8939,3
8940,1
8942,0
8943,0
8944,1
8944,0
8945,0
8945,2
8946,1
8947,1
8948,0
8948,1
8949,1
8950,1
8951,0
8951,3
8952,0
8952,0
8952,0
8953,0
8953,6
8953,0
8954,2
8956,0
8956,0
8957,1
8960,1
8962,0
8965,0
8966,1
8967,1
8968,1
8970,2
8971,1
8971,2
8974,6
8974,0
8974,0
8975,2
8977,1
8977,0
8977,0
8979,0
8980,5
8980,13
8981,0
8982,0
8982,4
8982,0
8983,0
8984,4
8986,0
8987,2
8988,0
8989,1
8990,0
8990,1
8991,0
8991,1
8993,0
8993,0
8994,0
8995,6
8995,0
8996,0
8997,3
8998,1
8999,0
9001,0
9004,0
9006,5
9006,0
9007,3
9008,0
9009,0
9009,1
9009,2
9012,1
9012,0
9012,1
9013,1
9014,4
9014,0
9014,0
9015,2
9016,0
9018,2
9019,4
9020,1
9020,0
9020,1
9022,3
9022,0
9024,0
9025,0
9025,5
9025,0
9026,0
9026,0
9027,0
9028,0
9030,1
9030,0
9031,0
9031,0
9032,1
9032,0
9033,0
9034,3
9034,0
9035,0
9036,6
9036,0
9038,0
9038,0
9039,0
9040,0
9040,0
9041,3
9043,0
9043,0
9048,6
9048,0
9049,10
9050,0
9050,4
9051,1
9052,0
9052,1
9052,0
9053,4
9053,2
9054,12
9055,0
9056,1
9056,2
9056,5
9058,0
9058,1
9058,3
9061,1
9062,1
9062,1
9062,0
9062,0
9063,0
9065,4
9066,2
9070,0
9070,0
9070,1
9072,4
9072,0
9072,0
9073,1
9073,0
9075,0
9075,1
9076,0
9076,0
9077,5
9079,0
9080,0
9081,0
9082,0
9083,1
9083,0
9084,1
9085,0
9085,3
9087,1
9089,0
9090,0
9090,0
9090,0
9090,1
9091,0
9091,2
9093,4
9094,2
9095,1
9095,1
9096,0
9098,1
9100,5
9101,1
9101,1
9102,5
9103,7
9103,2
9104,6
9104,0
9105,0
9105,0
9105,1
9109,0
9112,5
9112,0
9112,1
9113,0
9114,5
9114,5
9114,1
9115,0
9115,0
9119,0
9119,1
9123,0
9123,0
9125,5
9126,3
9126,0
9129,7
9130,0
9130,0
9132,3
9133,6
9133,1
9134,0
9135,0
9135,0
9135,0
9136,0
9136,6
9137,0
9137,3
9138,0
9139,1
9143,0
9143,0
9143,0
9144,2
9147,0
9148,0
9148,1
9149,0
9150,2
9154,0
9157,0
9158,1
9158,1
9158,1
9159,6
9159,11
9160,0
9160,8
9161,0
9161,1
9162,0
9163,0
9164,0
9165,2
9166,1
9167,0
9169,2
9169,1
9169,0
9171,0
9172,4
9173,3
9174,1
9175,0
9176,0
9177,1
9177,0
9178,5
9178,0
9179,2
9179,0
9181,0
9181,0
9182,8
9182,1
9183,0
9184,0
9185,1
9185,0
9185,6
9185,1
9185,5
9185,0
9186,10
9188,0
9189,3
9190,3
9190,0
9191,1
9191,1
9192,0
9192,0
9193,3
9199,2
9199,4
9201,1
9201,1
9202,1
9203,1
9204,12
9205,5
9205,5
9205,6
9205,0
9209,0
9209,2
9209,0
9210,0
9210,0
9210,2
9211,0
9214,0
9217,1
9217,0
9217,3
9217,3
9218,0
9219,0
9220,1
9222,1
9223,0
9223,2
9223,0
9224,0
9225,1
9225,1
9225,0
9227,0
9228,0
9228,1
9229,0
9230,0
9230,2
9233,3
9234,2
9237,0
9239,0
9239,0
9239,0
9239,0
9240,2
9240,0
9240,1
9241,0
9241,2
9242,2
9244,4
9244,0
9246,2
9247,7
9248,0
9248,0
9248,1
9251,0
9252,0
9252,0
9253,1
9254,1
9254,0
9254,1
9255,2
9256,1
9257,0
9258,0
9258,0
9259,2
9259,1
9260,0
9260,0
9260,0
9261,1
9261,0
9262,1
9263,0
9263,1
9265,0
9265,8
9268,4
9268,0
9269,0
9270,1
9270,0
9271,0
9271,1
9271,2
9272,0
9272,1
9273,13
9274,0
9274,0
9274,1
9274,0
9275,2
9276,0
9277,1
9279,1
9279,2
9279,0
9280,0
9280,2
9281,0
9282,0
9283,2
9284,0
9286,4
9286,1
9288,0
9288,2
9288,0
9289,0
9290,1
9290,3
9290,0
9290,3
9290,1
9291,0
9293,11
9293,0
9294,0
9294,0
9295,3
9296,0
9297,2
9297,1
9297,0
9297,2
9298,0
9299,0
9300,1
9300,2
9301,6
9301,0
9302,1
9302,0
9303,7
9304,1
9304,0
9307,1
9308,0
9308,0
9309,1
9310,0
9311,1
9311,0
9312,3
9314,1
9314,1
9316,0
9316,0
9319,0
9319,0
9320,0
9321,0
9322,6
9323,2
9324,1
9324,1
9325,12
9327,0
9327,0
9328,1
9329,1
9330,2
9330,0
9330,0
9331,0
9332,1
9333,0
9333,4
9333,1
9333,0
9333,0
9334,0
9334,0
9335,7
9335,2
9335,7
9338,0
9339,0
9340,2
9340,2
9344,1
9346,0
9346,2
9347,0
9348,8
9348,1
9348,1
9348,0
9349,0
9350,8
9350,0
9350,0
9351,2
9352,6
9353,5
9354,0
9355,0
9355,0
9356,0
9357,0
9357,0
9357,0
9357,1
9358,0
9359,0
9361,5
9361,0
9364,0
9365,0
9365,0
9365,0
9367,10
9367,0
9367,2
9368,2
9369,0
9369,0
9369,0
9372,7
9373,1
9373,11
9373,5
9375,1
9375,0
9376,1
9376,0
9376,1
9378,1
9378,1
9379,1
9382,0
9384,0
9384,0
9386,8
9387,0
9387,0
9388,0
9389,7
9392,0
9394,0
9394,0
9397,0
9399,0
9399,1
9399,2
9399,0
9400,1
9400,0
9401,0
9402,5
9403,2
9405,1
9405,0
9406,0
9407,3
9409,0
9410,0
9411,2
9412,0
9415,0
9417,1
9417,3
9418,3
9418,2
9419,0
9420,5
9420,1
9422,0
9424,4
9424,0
9424,0
9424,3
9425,0
9425,8
9426,1
9427,2
9428,0
9429,0
9430,0
9433,0
9435,5
9435,3
9436,1
9436,0
9437,2
9437,0
9437,2
9437,2
9438,2
9438,0
9439,0
9440,2
9441,0
9441,5
9441,0
9441,3
9443,0
9444,0
9445,2
9445,3
9448,15
9449,0
9450,0
9452,1
9452,2
9454,2
9456,3
9457,0
9458,0
9458,0
9458,1
9458,0
9459,11
9460,0
9460,2
9460,1
9460,0
9461,0
9461,0
9462,0
9462,0
9462,0
9464,3
9465,0
9465,0
9466,3
9466,11
9467,3
9470,0
9471,0
9472,11
9472,3
9472,1
9472,0
9473,0
9473,0
9473,16
9474,0
9476,1
9478,4
9478,2
9479,2
9479,0
9481,1
9481,2
9481,0
9483,0
9483,0
9483,0
9484,0
9484,0
9485,3
9485,1
9485,3
9486,1
9487,0
9487,2
9490,3
9492,2
9492,2
9493,0
9493,0
9494,4
9494,0
9495,1
9499,0
9499,0
9500,2
9500,0
9501,0
9501,0
9501,0
9504,0
9505,1
9506,0
9506,4
9507,2
9508,1
9508,0
9508,0
9508,0
9508,0
9508,0
9509,0
9510,0
9511,1
9511,0
9511,2
9515,1
9516,0
9518,2
9519,0
9519,1
9520,0
9520,0
9520,0
9521,1
9522,1
9522,0
9523,0
9525,0
9525,0
9525,0
9527,7
9527,0
9527,0
9528,1
9528,0
9528,1
9529,0
9531,0
9533,1
9533,4
9535,6
9535,0
9536,1
9538,4
9538,0
9539,3
9539,1
9540,1
9541,1
9543,1
9544,0
9545,5
9547,2
9548,1
9550,1
9551,0
9552,0
9553,1
9553,5
9554,0
9554,0
9554,0
9555,0
9555,4
9556,3
9556,2
9557,0
9558,0
9559,0
9560,5
9560,1
9561,1
9564,0
9564,0
9567,2
9567,0
9568,1
9570,0
9571,0
9572,0
9572,0
9573,0
9573,1
9574,0
9574,1
9575,0
9575,0
9576,0
9576,2
9577,0
9578,0
9579,0
9579,3
9580,0
9581,1
9584,0
9585,0
9586,2
9590,1
9591,0
9592,0
9594,0
9595,1
9595,0
9596,0
9596,1
9597,0
9597,1
9599,1
9599,1
9600,3
9603,0
9603,0
9603,1
9604,0
9604,0
9605,1
9606,0
9607,0
9609,3
9610,8
9611,1
9612,0
9614,7
9615,0
9615,1
9615,0
9616,0
9617,1
9617,2
9618,1
9618,0
9620,2
9620,0
9621,1
9621,0
9623,0
9624,0
9625,1
9626,1
9626,0
9627,0
9627,0
9630,1
9631,0
9631,2
9632,2
9632,6
9633,0
9634,0
9637,0
9637,1
9638,0
9638,0
9639,0
9639,1
9641,1
9642,0
9643,1
9646,0
9648,2
9648,0
9649,2
9651,0
9653,0
9653,0
9653,0
9654,1
9655,0
9655,0
9655,0
9656,0
9656,0
9656,0
9657,4
9659,0
9660,1
9660,0
9661,1
9661,0
9662,0
9664,1
9664,0
9665,5
9666,1
9666,0
9668,2
9670,1
9671,0
9672,0
9673,1
9677,1
9680,0
9681,0
9682,6
9682,0
9682,0
9683,0
9685,0
9685,1
9685,0
9686,1
9689,0
9689,0
9689,7
9690,0
9690,0
9691,1
9692,1
9696,1
9696,0
9697,1
9698,4
9698,0
9700,0
9701,1
9701,0
9702,1
9702,0
9703,0
9703,2
9703,5
9703,0
9704,2
9704,0
9705,1
9706,1
9706,0
9707,1
9709,1
9710,1
9710,2
9711,0
9711,0
9713,1
9713,0
9713,1
9713,1
9714,0
9715,0
9716,0
9716,2
9720,0
9721,1
9723,0
9723,0
9724,0
9726,1
9726,0
9727,6
9727,0
9728,0
9728,0
9729,1
9730,2
9730,2
9731,1
9732,2
9735,0
9740,1
9741,1
9741,1
9743,0
9743,0
9743,6
9745,0
9746,0
9746,0
9747,2
9748,1
9750,0
9753,2
9757,0
9757,0
9757,3
9760,1
9761,0
9761,0
9761,7
9762,0
9762,2
9762,2
9763,0
9764,2
9764,4
9765,0
9767,0
9767,0
9767,0
9768,1
9770,1
9770,0
9772,0
9773,0
9773,1
9773,1
9774,0
9774,0
9775,1
9775,0
9778,0
9778,0
9778,0
9779,0
9781,0
9781,3
9782,0
9782,0
9785,0
9785,0
9788,0
9789,0
9789,1
9791,1
9795,3
9795,1
9796,0
9797,0
9798,0
9798,1
9798,0
9799,1
9799,0
9800,0
9800,1
9800,0
9806,0
9806,1
9806,5
9811,1
9811,0
9812,1
9815,0
9816,0
9818,1
9818,1
9819,1
9822,0
9822,2
9823,0
9824,0
9825,3
9825,0
9826,0
9828,1
9829,1
9829,1
9830,0
9833,0
9834,1
9835,1
9836,4
9837,0
9838,0
9839,3
9840,0
9842,0
9842,5
9842,0
9842,1
9844,0
9844,1
9846,0
9847,1
9847,0
9848,0
9850,0
9851,1
9851,0
9853,0
9854,0
9855,1
9855,1
9856,3
9857,1
9858,3
9862,3
9862,0
9863,1
9863,7
9864,0
9865,1
9865,0
9867,2
9867,11
9871,0
9872,0
9872,0
9874,2
9875,0
9875,0
9876,2
9878,0
9880,2
9880,0
9881,5
9882,0
9885,0
9885,0
9886,1
9887,0
9890,0
9892,0
9893,0
9895,2
9895,0
9895,1
9895,0
9896,0
9896,6
9899,0
9900,2
9901,1
9902,0
9903,11
9903,0
9904,1
9906,5
9906,0
9908,1
9910,0
9911,0
9913,0
9913,0
9913,0
9913,1
9914,2
9917,3
9918,0
9918,4
9919,3
9919,1
9919,0
9919,0
9921,0
9921,0
9921,3
9922,0
9926,0
9926,3
9928,0
9928,0
9929,0
9929,0
9931,0
9931,3
9931,0
9934,0
9939,1
9941,1
9941,0
9942,3
9943,0
9943,1
9946,1
9947,1
9947,4
9948,0
9950,0
9950,0
9951,1
9953,2
9956,0
9957,1
9959,3
9959,1
9960,0
9961,0
9963,7
9964,0
9964,1
9965,0
9968,1
9969,1
9970,0
9971,0
9972,0
9973,0
9974,0
9974,0
9975,0
9978,0
9980,4
9980,1
9980,0
9980,0
9981,0
9982,0
9985,0
9985,0
9986,0
9986,1
9987,0
9988,0
9990,1
9991,1
9992,0
9995,0
9996,1
10000,0
10001,2
10002,0
10002,0
10003,0
10005,0
10006,2
10008,0
10010,0
10010,1
10012,0
10012,1
10013,0
10015,0
10015,0
10017,0
10023,6
10024,0
10026,10
10026,0
10027,0
10027,0
10028,0
10028,0
10028,0
10031,2
10031,1
10032,0
10033,0
10034,0
10035,1
10035,1
10035,0
10036,2
10037,0
10037,1
10040,0
10040,1
10041,1
10043,0
10045,1
10046,1
10046,0
10047,6
10047,1
10048,0
10049,2
10050,0
10052,1
10053,6
10053,0
10055,4
10056,0
10060,2
10063,2
10064,5
10064,0
10068,1
10069,1
10069,0
10069,0
10070,9
10074,5
10080,0
10080,1
10083,0
10085,1
10086,0
10090,2
10093,5
10094,0
10095,1
10097,0
10097,1
10097,2
10099,1
10100,7
10102,0
10103,1
10103,0
10104,1
10106,0
10106,11
10106,1
10106,1
10107,0
10108,0
10109,1
10109,1
10109,9
10110,2
10111,0
10111,0
10112,1
10113,0
10114,0
10116,2
10117,0
10117,1
10118,1
10119,11
10119,0
10119,0
10120,1
10125,1
10126,0
10126,11
10127,2
10129,0
10131,0
10131,1
10132,6
10133,1
10134,0
10134,1
10135,1
10135,2
10136,0
10136,0
10136,8
10138,6
10139,2
10140,0
10140,0
10142,1
10143,1
10144,3
10144,0
10146,0
10146,1
10146,0
10147,2
10154,1
10156,0
10156,1
10157,0
10157,0
10157,0
10158,0
10158,2
10158,0
10158,3
10160,0
10160,0
10160,0
10161,3
10161,0
10162,1
10162,1
10164,7
10167,1
10168,0
10170,1
10171,0
10171,0
10171,0
10171,0
10171,0
10172,0
10172,0
10172,4
10173,0
10175,1
10176,10
10176,1
10177,7
10180,14
10181,3
10181,0
10183,1
10186,0
10186,2
10189,0
10192,0
10192,1
10193,3
10197,1
10199,0
10199,2
10200,0
10201,0
10201,1
10203,0
10203,1
10207,3
10207,0
10208,0
10209,1
10211,0
10213,1
10217,0
10218,0
10218,3
10221,0
10223,1
10224,0
10224,1
10225,0
10227,3
10227,1
10229,0
10230,0
10230,1
10231,1
10231,1
10233,4
10234,0
10235,1
10235,0
10236,2
10239,0
10241,0
10243,0
10243,0
10244,0
10245,3
10245,0
10246,7
10248,0
10250,0
10251,8
10252,1
10253,0
10254,0
10257,0
10259,1
10260,0
10261,0
10263,2
10264,2
10265,0
10266,0
10266,3
10267,1
10268,1
10269,1
10269,0
10273,0
10274,1
10274,0
10275,1
10277,0
10277,0
10280,0
10280,9
10280,7
10281,0
10281,0
10281,1
10282,11
10283,1
10284,0
10284,1
10285,0
10285,3
10286,0
10286,2
10286,0
10287,0
10288,1
10289,8
10290,0
10291,0
10293,0
10293,0
10296,5
10299,3
10300,1
10302,1
10302,0
10303,0
10304,2
10306,7
10308,0
10308,7
10311,1
10315,6
10317,1
10317,3
10318,2
10319,0
10322,0
10323,0
10324,0
10325,6
10325,0
10326,0
10328,0
10328,0
10331,1
10333,0
10333,0
10333,0
10333,0
10337,5
10337,0
10340,0
10345,0
10345,0
10346,0
10347,2
10347,0
10347,0
10347,1
10348,0
10349,0
10350,0
10351,0
10353,1
10355,0
10355,0
10362,1
10364,1
10364,0
10365,5
10365,1
10367,9
10367,0
10368,1
10369,0
10369,0
10371,1
10373,1
10373,0
10374,1
10375,0
10375,0
10376,0
10378,2
10380,6
10383,0
10384,0
10384,1
10385,0
10385,6
10385,0
10386,0
10386,6
10389,1
10391,0
10391,4
10393,0
10393,0
10395,1
10395,1
10396,0
10396,2
10398,2
10398,0
10403,5
10403,0
10404,0
10404,0
10405,1
10405,0
10406,1
10408,5
10410,0
10411,0
10412,0
10412,0
10412,0
10413,0
10414,0
10414,0
10414,0
10414,0
10415,4
10415,1
10416,0
10417,2
10417,2
10417,1
10421,1
10422,1
10422,0
10425,1
10426,1
10429,1
10431,1
10431,2
10432,6
10432,2
10433,0
10435,2
10436,0
10436,9
10439,0
10439,0
10440,0
10440,0
10441,2
10442,0
10442,1
10444,1
10445,0
10448,0
10449,1
10449,1
10455,1
10455,0
10455,1
10455,1
10456,2
10456,1
10456,2
10457,0
10459,0
10459,2
10459,0
10464,0
10465,0
10465,1
10471,0
10472,5
10472,1
10474,7
10474,0
10474,0
10474,0
10475,4
10475,0
10475,0
10475,0
10477,0
10478,0
10481,0
10481,3
10482,0
10483,1
10483,3
10483,3
10483,1
10483,0
10484,0
10485,0
10486,12
10486,0
10487,1
10489,1
10489,0
10489,0
10490,1
10492,4
10493,0
10494,3
10494,0
10494,0
10495,0
10495,0
10496,1
10498,2
10499,4
10500,0
10502,0
10502,0
10503,2
10504,5
10505,5
10506,1
10509,1
10509,1
10510,0
10512,1
10512,0
10514,1
10516,10
10516,0
10517,0
10518,0
10519,0
10524,0
10525,2
10527,1
10531,1
10531,2
10531,7
10532,5
10532,0
10534,0
10534,1
10538,0
10539,0
10540,1
10540,14
10541,1
10542,1
10543,1
10543,1
10546,0
10546,1
10547,0
10548,0
10548,3
10550,0
10554,0
10554,0
10555,1
10557,4
10557,0
10557,1
10559,0
10559,0
10559,1
10559,1
10562,2
10563,0
10565,0
10565,0
10566,1
10566,0
10567,0
10567,3
10569,1
10570,2
10570,0
10570,0
10570,0
10571,0
10573,0
10573,2
10573,0
10574,3
10575,2
10579,0
10579,0
10580,1
10580,0
10581,0
10585,0
10586,0
10587,2
10587,0
10589,0
10590,0
10591,3
10592,0
10592,3
10592,0
10593,2
10594,1
10596,1
10596,6
10597,1
10598,0
10598,0
10599,0
10600,1
10600,1
10601,0
10604,0
10606,0
10608,4
10608,1
10610,3
10612,0
10613,0
10613,3
10614,0
10616,0
10616,1
10616,2
10619,2
10621,0
10621,0
10621,0
10622,8
10622,1
10623,0
10624,0
10626,5
10628,1
10629,2
10630,0
10632,6
10632,1
10633,1
10633,0
10635,2
10635,5
10635,1
10635,0
10635,0
10636,0
10642,1
10643,2
10645,1
10647,3
10649,1
10649,0
10650,5
10650,1
10651,0
10652,0
10653,1
10653,0
10656,8
10656,2
10658,5
10659,0
10660,0
10660,0
10661,1
10661,0
10662,0
10664,0
10665,2
10665,0
10666,0
10668,0
10669,1
10671,0
10671,3
10672,0
10672,0
10672,1
10672,10
10675,1
10678,1
10679,0
10679,3
10679,0
10680,1
10681,0
10682,3
10683,1
10683,0
10683,0
10684,0
10685,0
10686,0
10687,0
10690,0
10690,1
10691,0
10692,0
10692,2
10692,0
10695,1
10699,0
10701,1
10701,0
10703,1
10705,12
10710,0
10711,2
10711,1
10712,0
10713,0
10713,1
10714,0
10714,2
10715,1
10716,0
10716,2
10716,6
10717,0
10718,0
10718,0
10719,0
10720,0
10721,1
10725,0
10725,4
10726,1
10727,5
10729,0
10729,0
10729,0
10730,4
10731,0
10733,1
10733,0
10733,4
10736,0
10741,1
10742,0
10743,0
10743,0
10744,1
10746,0
10749,1
10750,7
10751,0
10751,0
10754,0
10754,3
10756,0
10756,0
10757,0
10757,0
10757,0
10758,0
10759,2
10759,0
10761,4
10764,1
10764,3
10765,0
10766,1
10766,5
10771,0
10774,2
10775,3
10777,3
10778,0
10780,0
10781,0
10783,0
10783,2
10800,1
10802,0
10802,2
10802,0
10804,6
10804,0
10805,2
10805,1
10805,0
10806,0
10807,0
10807,0
10808,0
10808,0
10808,0
10809,0
10810,1
10811,0
10811,7
10811,2
10812,1
10813,1
10814,1
10814,0
10814,0
10814,0
10816,4
10817,0
10818,5
10818,0
10819,1
10819,2
10819,0
10821,0
10823,1
10824,0
10825,0
10826,1
10827,0
10827,2
10827,0
10829,0
10830,0
10830,1
10832,3
10833,1
10833,1
10833,0
10834,1
10835,2
10835,0
10836,0
10837,1
10837,0
10838,0
10838,1
10841,0
10841,2
10842,5
10843,0
10847,0
10848,0
10848,1
10849,1
10850,1
10852,1
10852,4
10853,0
10854,0
10855,10
10857,0
10857,0
10859,6
10859,0
10861,0
10861,1
10861,4
10866,1
10870,2
10871,1
10871,0
10873,0
10875,0
10875,0
10876,1
10878,0
10882,0
10883,2
10885,0
10885,0
10885,0
10886,0
10887,0
10888,0
10889,0
10890,6
10890,1
10895,0
10896,1
10899,0
10900,0
10901,0
10902,0
10902,0
10903,7
10904,0
10905,2
10905,0
10908,0
10910,0
10911,5
10911,2
10912,5
10912,0
10912,0
10915,0
10917,2
10917,0
10918,3
10919,0
10921,7
10922,0
10923,0
10925,1
10927,0
10933,0
10933,3
10934,4
10935,0
10936,1
10937,0
10939,0
10944,0
10944,2
10944,0
10948,2
10948,2
10949,0
10950,0
10951,0
10952,0
10952,1
10953,0
10955,1
10956,0
10956,7
10956,0
10957,0
10961,0
10962,0
10964,1
10964,0
10964,1
10965,0
10967,3
10967,8
10968,0
10969,0
10969,0
10971,1
10971,0
10972,0
10973,0
10973,0
10975,2
10976,0
10976,0
10977,0
10978,0
10980,0
10980,1
10981,0
10982,1
10987,0
10987,5
10992,4
10994,2
10995,1
10998,0
11001,1
11003,2
11006,0
11011,0
11012,0
11014,0
11020,1
11021,1
11022,6
11023,1
11023,1
11024,2
11026,1
11027,0
11028,0
11029,1
11031,0
11033,2
11034,0
11035,1
11036,2
11038,0
11039,10
11041,8
11041,0
11044,6
11044,0
11044,1
11045,0
11045,2
11046,14
11048,0
11050,3
11052,0
11052,2
11053,1
11053,0
11053,0
11053,0
11056,1
11057,0
11058,0
11059,3
11059,3
11060,0
11062,2
11066,0
11069,0
11070,0
11075,1
11076,2
11079,2
11079,0
11080,1
11081,3
11082,0
11083,2
11084,1
11084,0
11086,5
11086,4
11088,1
11088,3
11090,1
11092,0
11092,1
11092,1
11094,0
11102,0
11103,8
11103,0
11106,2
11106,0
11106,0
11107,10
11108,0
11109,0
11110,1
11111,1
11111,0
11113,3
11113,0
11113,1
11113,3
11116,0
11116,1
11119,6
11120,5
11123,0
11124,1
11125,0
11126,1
11126,1
11127,0
11127,0
11128,5
11128,3
11130,1
11131,0
11132,0
11133,0
11136,0
11136,2
11137,0
11138,0
11141,0
11144,0
11144,0
11146,0
11147,0
11150,1
11154,0
11155,1
11155,0
11156,3
11157,0
11158,0
11158,0
11159,0
11160,0
11160,0
11162,7
11162,0
11163,4
11165,0
11166,0
11166,0
11171,0
11171,0
11172,0
11175,0
11176,1
11179,2
11180,0
11181,4
11182,0
11182,0
11183,0
11184,0
11186,0
11187,0
11187,0
11188,0
11190,0
11190,1
11191,8
11192,0
11193,12
11193,1
11195,2
11196,0
11198,1
11199,0
11202,1
11203,3
11204,1
11204,0
11205,0
11207,0
11208,0
11209,0
11214,0
11214,2
11214,0
11215,1
11218,2
11221,0
11221,2
11223,6
11224,0
11224,2
11224,0
11225,1
11226,1
11227,0
11228,11
11228,0
11230,0
11231,0
11233,0
11234,0
11237,6
11238,0
11238,3
11238,1
11240,1
11242,0
11244,2
11245,0
11249,0
11250,1
11253,3
11254,3
11255,2
11257,0
11257,12
11258,0
11259,0
11259,1
11259,1
11261,0
11261,0
11261,4
11261,5
11262,0
11262,2
11263,0
11264,3
11264,3
11267,0
11267,2
11268,0
11271,1
11271,0
11273,0
11273,3
11274,0
11274,0
11276,0
11276,0
11276,0
11277,0
11277,0
11277,0
11278,0
11278,0
11280,0
11280,3
11282,2
11286,0
11286,4
11287,4
11288,0
11288,0
11290,0
11291,0
11294,0
11296,5
11296,1
11297,2
11298,0
11300,1
11300,0
11302,0
11302,0
11306,1
11306,1
11306,4
11308,1
11310,1
11312,1
11313,5
11315,1
11315,0
11318,1
11319,0
11323,1
11326,0
11328,0
11331,2
11332,0
11332,2
11333,0
11335,2
11335,0
11336,0
11336,1
11336,0
11337,0
11340,0
11342,7
11342,0
11344,4
11346,0
11347,0
11347,0
11348,0
11350,0
11351,0
11351,1
11352,0
11357,2
11357,3
11358,0
11358,0
11360,0
11362,3
11362,1
11363,0
11366,3
11368,1
11369,0
11370,0
11374,0
11376,0
11377,0
11378,0
11379,1
11379,0
11382,0
11383,2
11384,5
11385,0
11385,0
11387,0
11390,0
11391,0
11393,0
11393,0
11394,0
11394,1
11395,0
11396,0
11397,4
11400,0
11400,0
11401,0
11402,1
11406,1
11406,2
11412,0
11416,0
11417,1
11418,0
11418,0
11421,6
11422,0
11425,6
11425,0
11426,1
11426,4
11428,2
11428,3
11428,0
11429,1
11431,1
11431,0
11431,7
11432,0
11436,0
11437,2
11437,4
11439,3
11441,0
11441,0
11443,1
11443,3
11444,2
11445,1
11445,3
11446,1
11447,0
11447,9
11449,1
11451,1
11451,2
11451,3
11455,0
11459,1
11463,2
11464,1
11464,0
11465,0
11465,0
11466,0
11470,0
11475,0
11476,0
11478,0
11481,0
11481,0
11483,1
11485,2
11485,1
11485,0
11488,0
11489,0
11492,0
11495,0
11496,1
11496,0
11498,0
11498,5
11502,1
11504,0
11506,0
11506,0
11507,1
11507,1
11509,0
11511,0
11513,1
11514,0
11516,3
11517,0
11517,0
11517,1
11520,0
11521,0
11522,3
11522,2
11526,0
11526,1
11527,3
11528,0
11530,5
11532,0
11532,0
11534,1
11535,0
11536,0
11537,0
11538,0
11541,1
11541,1
11545,0
11547,0
11548,0
11552,0
11553,1
11554,0
11554,2
11554,3
11555,0
11555,0
11556,0
11557,0
11557,0
11559,4
11560,0
11561,0
11561,3
11562,0
11562,0
11563,0
11563,1
11563,6
11565,2
11566,1
11567,0
11568,0
11568,0
11570,0
11573,1
11574,1
11576,1
11579,0
11583,0
11583,6
11583,1
11584,0
11585,0
11591,0
11592,2
11592,0
11596,0
11597,2
11598,1
11600,1
11600,0
11601,4
11601,0
11601,1
11602,0
11603,2
11604,1
11606,2
11608,1
11609,0
11610,1
11611,0
11611,0
11616,0
11617,1
11618,1
11618,0
11618,0
11618,0
11618,1
11622,1
11622,1
11624,2
11625,0
11626,3
11634,0
11635,0
11636,0
11637,1
11638,0
11641,3
11642,1
11643,0
11643,0
11646,0
11646,0
11648,1
11650,0
11651,0
11652,1
11653,1
11654,0
11655,0
11656,5
11656,2
11656,1
11656,0
11657,2
11658,1
11659,0
11661,0
11661,1
11662,3
11664,1
11665,0
11668,2
11668,0
11668,1
11670,0
11673,4
11674,0
11674,0
11674,0
11677,3
11679,1
11679,0
11680,1
11680,0
11680,0
11681,0
11685,0
11686,1
11687,0
11694,1
11694,5
11695,2
11698,0
11698,0
11700,0
11702,0
11703,1
11703,0
11704,0
11706,1
11707,0
11708,0
11710,1
11711,11
11712,0
11715,5
11715,2
11717,0
11719,1
11722,0
11724,0
11725,1
11726,4
11727,0
11729,0
11730,0
11730,1
11731,1
11732,0
11733,0
11734,0
11735,0
11735,0
11736,0
11741,2
11742,0
11743,15
11743,1
11744,0
11745,0
11746,1
11748,1
11749,0
11750,1
11752,0
11755,1
11757,0
11757,0
11758,3
11759,1
11760,2
11761,6
11761,0
11763,0
11768,3
11774,2
11775,6
11776,1
11778,1
11778,1
11780,0
11781,2
11781,6
11781,1
11782,1
11782,1
11782,0
11782,1
11783,4
11783,4
11785,0
11786,0
11796,1
11798,0
11799,0
11802,5
11802,0
11802,0
11803,0
11804,0
11805,0
11809,0
11810,4
11813,2
11814,1
11814,0
11815,0
11818,0
11818,0
11819,0
11819,0
11819,2
11822,4
11822,0
11823,1
11825,0
11828,8
11829,3
11832,0
11834,0
11834,0
11834,1
11835,1
11838,0
11839,1
11841,4
11842,3
11843,0
11845,0
11846,8
11847,1
11848,0
11848,2
11852,1
11852,1
11854,1
11857,16
11857,0
11862,0
11866,1
11868,1
11869,8
11869,0
11869,3
11870,1
11871,0
11871,0
11872,2
11873,1
11875,2
11879,1
11880,3
11881,0
11881,1
11882,0
11882,0
11883,0
11889,0
11889,1
11890,0
11891,1
11891,1
11891,0
11893,4
11899,0
11900,3
11901,1
11903,1
11904,2
11906,2
11906,5
11906,0
11906,0
11907,3
11909,3
11912,0
11913,0
11915,4
11916,0
11916,4
11916,5
11921,4
11921,0
11925,0
11927,1
11928,8
11929,1
11930,0
11934,0
11934,0
11935,0
11935,0
11936,4
11936,0
11937,6
11938,0
11939,0
11940,0
11943,0
11944,0
11944,1
11947,0
11947,0
11950,1
11950,1
11950,1
11951,1
11951,2
11951,1
11953,6
11954,0
11955,0
11960,2
11960,6
11961,1
11961,0
11961,0
11962,0
11962,0
11962,1
11963,1
11966,1
11967,1
11969,0
11970,0
11972,2
11976,5
11977,1
11977,4
11978,0
11979,0
11981,0
11982,0
11982,0
11983,2
11985,0
11987,0
11990,0
11990,0
11994,0
11995,0
11997,4
11998,0
12003,0
12006,1
12009,1
12009,2
12010,12
12013,0
12014,10
12014,0
12015,1
12017,2
12025,1
12026,0
12030,0
12031,0
12031,0
12032,0
12032,0
12033,0
12041,2
12042,1
12044,2
12044,0
12045,3
12046,0
12050,0
12050,1
12051,0
12052,0
12055,1
12058,0
12059,0
12060,12
12062,0
12062,0
12063,0
12063,0
12066,8
12069,0
12070,0
12072,0
12072,0
12075,0
12075,0
12075,1
12076,0
12076,0
12079,0
12079,2
12080,0
12083,0
12089,6
12090,0
12091,0
12104,1
12105,0
12106,1
12111,0
12115,6
12121,0
12121,0
12124,1
12127,0
12130,0
12131,0
12131,1
12131,0
12131,0
12132,1
12133,0
12135,1
12136,0
12139,0
12142,0
12142,1
12143,0
12145,1
12146,1
12151,0
12154,1
12154,2
12154,0
12156,4
12158,2
12166,0
12168,3
12172,1
12174,0
12176,4
12177,0
12177,1
12177,0
12178,0
12179,0
12180,1
12181,0
12182,0
12185,1
12197,0
12197,0
12197,0
12198,2
12198,0
12199,0
12203,0
12208,0
12208,0
12209,0
12210,5
12211,0
12214,2
12214,4
12216,0
12222,3
12225,0
12226,0
12229,0
12231,0
12234,0
12236,1
12238,3
12243,3
12245,2
12249,0
12250,1
12250,5
12250,0
12251,0
12251,1
12252,0
12252,0
12252,1
12255,8
12257,0
12260,1
12262,0
12265,0
12266,0
12268,0
12272,0
12273,1
12273,1
12275,2
12276,1
12278,5
12279,0
12282,0
12284,0
12285,0
12285,1
12286,0
12287,0
12287,0
12287,0
12288,3
12288,1
12293,0
12293,1
12293,0
12296,0
12296,2
12298,1
12300,0
12300,0
12302,10
12303,0
12306,0
12306,0
12307,0
12309,1
12313,2
12314,3
12315,0
12316,0
12318,1
12320,2
12320,1
12322,1
12323,6
12323,0
12326,3
12327,1
12337,1
12340,2
12340,1
12344,0
12346,0
12347,0
12349,0
12349,1
12350,9
12354,0
12355,1
12356,0
12357,0
12361,0
12364,0
12366,0
12367,0
12369,1
12369,0
12370,1
12370,1
12371,0
12378,0
12378,2
12379,0
12379,0
12379,3
12380,8
12380,2
12384,0
12385,0
12388,1
12389,1
12389,0
12393,11
12394,0
12395,0
12396,0
12396,0
12398,3
12398,0
12404,0
12405,1
12407,0
12411,0
12414,0
12416,0
12417,0
12418,5
12419,2
12421,0
12422,2
12422,0
12424,2
12425,0
12427,0
12431,0
12433,4
12435,0
12439,0
12439,0
12442,0
12445,0
12449,0
12450,1
12450,0
12451,5
12453,0
12453,0
12454,0
12455,0
12455,0
12459,0
12461,0
12461,0
12462,0
12464,1
12466,2
12467,1
12469,0
12470,1
12475,0
12476,1
12476,5
12477,1
12479,1
12482,0
12486,0
12487,0
12489,0
12491,1
12492,0
12493,1
12493,0
12495,0
12495,0
12497,1
12497,0
12498,0
12499,0
12507,0
12508,1
12509,0
12511,1
12511,1
12514,1
12514,2
12514,4
12516,1
12519,0
12520,0
12521,0
12522,0
12523,0
12524,0
12525,1
12525,1
12526,0
12528,0
12530,1
12533,1
12536,0
12537,0
12537,0
12540,1
12540,1
12544,8
12546,0
12546,0
12547,0
12547,5
12550,0
12552,0
12555,0
12556,0
12556,0
12556,3
12557,0
12559,1
12560,0
12562,1
12564,1
12564,0
12565,1
12573,1
12575,6
12575,0
12578,3
12579,0
12579,0
12579,0
12580,0
12582,3
12582,0
12585,5
12591,1
12593,0
12596,0
12596,0
12597,0
12598,0
12598,1
12599,1
12601,0
12602,0
12602,0
12604,0
12604,1
12604,1
12606,0
12606,0
12607,1
12608,0
12612,1
12612,0
12613,4
12615,1
12616,0
12618,0
12618,0
12620,2
12621,1
12625,3
12626,0
12631,0
12632,0
12634,0
12636,0
12636,1
12637,1
12639,6
12640,0
12643,3
12643,0
12644,0
12645,0
12646,1
12647,0
12648,1
12649,1
12649,1
12650,0
12651,2
12657,0
12659,0
12660,1
12661,2
12663,0
12663,1
12665,0
12666,1
12669,3
12670,0
12671,2
12672,0
12672,0
12674,0
12675,1
12677,1
12679,0
12680,3
12680,1
12681,1
12681,0
12681,1
12682,1
12683,1
12683,8
12683,0
12684,1
12684,0
12686,0
12688,0
12689,6
12691,2
12692,0
12692,5
12692,0
12692,0
12694,0
12696,0
12698,9
12699,1
12702,2
12702,0
12703,2
12706,2
12707,0
12707,0
12713,0
12716,0
12718,0
12720,0
12721,0
12722,0
12723,1
12724,0
12724,0
12725,1
12725,0
12726,1
12726,0
12730,6
12733,1
12733,7
12734,1
12736,0
12736,2
12737,3
12737,2
12738,3
12740,0
12742,0
12745,0
12746,0
12747,0
12751,0
12751,1
12753,0
12756,1
12759,0
12761,0
12761,1
12761,5
12764,0
12765,0
12765,0
12767,0
12768,5
12768,2
12771,1
12771,3
12775,0
12775,1
12776,0
12777,2
12779,0
12779,0
12781,3
12782,0
12782,0
12782,2
12784,1
12785,6
12785,1
12786,1
12787,1
12787,0
12789,1
12790,6
12792,0
12793,0
12795,1
12797,2
12802,8
12804,1
12804,9
12805,2
12806,5
12807,1
12807,1
12810,0
12811,2
12812,0
12819,5
12819,1
12820,0
12822,0
12825,0
12826,2
12827,1
12827,0
12827,1
12829,0
12829,2
12831,0
12832,4
12832,1
12835,1
12838,3
12839,3
12842,0
12845,0
12847,1
12849,0
12849,0
12852,0
12853,2
12854,0
12856,0
12857,6
12858,1
12859,0
12859,0
12861,5
12861,2
12862,0
12863,1
12863,1
12870,0
12870,1
12872,1
12872,1
12872,3
12873,1
12876,1
12877,0
12877,0
12883,0
12884,0
12886,0
12888,2
12889,1
12890,3
12890,1
12892,0
12894,1
12894,0
12896,3
12896,1
12897,2
12897,1
12897,4
12900,1
12902,1
12903,0
12904,0
12904,0
12906,2
12907,0
12908,0
12908,0
12909,0
12909,1
12910,0
12914,0
12916,1
12917,0
12919,0
12922,2
12922,0
12924,0
12926,0
12928,0
12929,2
12932,1
12934,0
12937,0
12938,9
12939,4
12941,1
12941,2
12942,0
12943,0
12948,0
12949,2
12952,0
12954,2
12954,3
12955,0
12956,0
12960,0
12960,13
12962,1
12962,0
12966,4
12966,0
12967,1
12970,0
12970,0
12970,1
12972,7
12982,1
12983,0
12987,1
12988,0
12989,0
12991,1
12993,0
12995,0
12999,0
13000,2
13004,1
13005,0
13008,0
13009,0
13010,1
13011,0
13011,0
13012,1
13013,2
13014,1
13015,0
13015,0
13018,1
13018,0
13018,0
13018,0
13020,0
13026,12
13030,0
13031,0
13032,0
13034,12
13035,0
13035,1
13038,2
13038,0
13039,1
13041,1
13041,0
13047,0
13051,1
13056,0
13059,1
13061,0
13066,1
13066,1
13068,0
13069,0
13069,0
13073,1
13074,7
13075,0
13077,0
13081,0
13082,1
13083,1
13083,0
13085,0
13091,1
13093,0
13093,0
13093,0
13095,0
13095,8
13095,0
13098,1
13099,0
13105,1
13106,2
13113,1
13114,6
13124,0
13125,1
13126,2
13127,0
13128,0
13130,0
13131,1
13132,0
13132,1
13133,0
13135,0
13141,2
13141,1
13142,0
13150,1
13152,0
13153,0
13155,0
13157,0
13163,0
13164,0
13165,5
13167,2
13168,0
13169,0
13169,1
13169,1
13169,3
13172,1
13180,2
13183,0
13186,2
13191,0
13192,0
13196,0
13197,0
13198,0
13201,0
13202,0
13202,0
13204,1
13204,0
13204,1
13209,0
13211,1
13211,0
13212,0
13213,0
13218,0
13221,5
13228,0
13228,0
13229,0
13231,0
13233,0
13238,1
13240,4
13243,1
13243,7
13243,3
13246,9
13247,0
13248,0
13250,1
13251,0
13253,0
13256,2
13256,0
13259,1
13267,6
13270,0
13272,0
13272,1
13273,1
13273,0
13273,0
13274,2
13284,0
13290,2
13294,0
13294,1
13296,0
13299,1
13299,1
13305,0
13308,0
13311,2
13311,3
13312,0
13313,1
13317,1
13320,1
13326,0
13329,2
13334,0
13334,2
13337,1
13337,0
13337,5
13339,0
13340,1
13341,0
13342,0
13343,1
13343,1
13345,0
13346,0
13346,0
13346,3
13347,0
13347,0
13349,2
13351,0
13352,3
13354,1
13357,0
13359,2
13362,0
13362,0
13363,0
13366,3
13370,2
13373,0
13376,0
13381,1
13383,1
13384,0
13386,0
13386,1
13387,0
13388,0
13390,0
13390,0
13393,2
13393,0
13397,0
13398,0
13401,0
13402,1
13404,4
13405,3
13407,1
13409,0
13411,1
13412,6
13414,0
13416,0
13419,0
13419,0
13420,0
13423,0
13424,0
13425,0
13425,1
13426,0
13428,0
13428,0
13430,0
13434,2
13435,0
13435,0
13437,1
13437,3
13438,0
13439,0
13441,0
13441,0
13443,0
13446,0
13446,0
13451,1
13451,0
13453,2
13454,0
13454,0
13456,1
13459,0
13459,7
13465,2
13466,0
13468,0
13468,0
13469,0
13469,0
13469,0
13471,1
13471,0
13474,7
13475,1
13477,0
13478,0
13479,0
13483,0
13484,11
13486,3
13487,0
13489,3
13489,1
13489,0
13491,0
13491,0
13493,0
13493,0
13495,0
13495,0
13496,0
13496,8
13497,3
13500,2
13501,0
13502,7
13503,0
13505,0
13509,0
13510,0
13510,0
13511,0
13512,1
13513,3
13516,0
13516,2
13519,0
13521,1
13523,0
13524,3
13528,0
13529,0
13532,0
13533,2
13535,1
13536,0
13539,0
13540,1
13541,1
13542,3
13542,0
13543,1
13543,1
13544,1
13545,7
13547,0
13547,0
13549,1
13553,0
13557,2
13557,1
13568,0
13569,1
13570,1
13575,0
13575,1
13575,0
13577,0
13579,1
13580,2
13584,0
13584,5
13585,2
13586,0
13592,5
13597,1
13598,0
13598,0
13599,4
13600,2
13600,0
13601,0
13602,1
13602,0
13602,0
13604,1
13604,0
13604,0
13605,1
13609,0
13611,0
13614,3
13615,0
13615,0
13616,0
13616,0
13618,1
13618,1
13621,1
13622,0
13626,3
13629,1
13630,1
13632,3
13632,0
13634,0
13635,0
13636,0
13636,0
13638,6
13640,6
13641,0
13647,0
13649,1
13651,0
13653,0
13655,2
13656,0
13656,1
13658,1
13661,0
13664,0
13665,0
13666,1
13670,0
13674,1
13675,1
13675,0
13676,0
13678,0
13679,9
13681,0
13681,1
13682,0
13682,0
13683,2
13685,0
13689,0
13691,0
13692,0
13693,0
13693,0
13696,2
13698,0
13698,1
13699,0
13701,0
13704,0
13704,2
13704,1
13708,1
13709,1
13709,0
13712,0
13715,0
13721,0
13721,0
13724,0
13729,0
13731,1
13735,0
13736,0
13737,0
13740,0
13741,1
13741,0
13741,2
13743,1
13744,3
13747,5
13750,0
13750,0
13752,1
13755,1
13759,0
13761,0
13762,1
13763,1
13769,0
13770,0
13772,4
13773,0
13775,0
13777,0
13780,3
13784,4
13785,0
13788,1
13792,0
13792,0
13799,0
13800,1
13800,0
13801,3
13801,3
13803,0
13805,0
13806,0
13808,2
13810,1
13816,0
13818,0
13825,1
13825,0
13826,0
13827,4
13828,0
13829,3
13831,2
13833,0
13834,0
13835,0
13836,0
13837,1
13838,0
13840,3
13843,1
13844,0
13844,1
13847,0
13847,1
13850,4
13850,0
13853,1
13856,7
13859,0
13859,1
13859,1
13860,0
13863,5
13864,0
13867,0
13867,0
13868,1
13868,0
13870,0
13875,1
13878,0
13879,0
13880,0
13882,1
13888,0
13895,0
13897,0
13904,1
13908,1
13909,0
13910,0
13913,0
13913,0
13913,0
13915,6
13919,4
13921,2
13921,2
13923,1
13928,2
13928,0
13930,4
13934,3
13934,0
13935,1
13935,1
13940,0
13944,3
13945,2
13945,0
13951,2
13954,4
13956,1
13957,1
13958,1
13959,0
13963,1
13964,0
13965,3
13965,0
13966,0
13967,1
13969,2
13972,0
13973,0
13975,0
13976,1
13977,0
13978,0
13979,0
13979,1
13981,2
13983,0
13983,0
13983,2
13983,1
13986,0
13987,7
13987,0
13991,0
13994,0
13994,0
13995,0
13997,0
13998,0
14000,0
14000,0
14000,0
14012,1
14012,0
14013,2
14013,0
14013,1
14014,1
14016,1
14019,0
14019,0
14022,1
14026,8
14027,1
14028,3
14029,0
14031,0
14032,0
14033,5
14037,3
14039,0
14044,0
14050,0
14051,0
14054,0
14055,1
14056,0
14057,0
14064,0
14065,0
14066,1
14067,6
14071,0
14071,0
14074,0
14074,0
14077,0
14079,1
14085,5
14086,0
14095,0
14106,2
14110,5
14113,0
14114,8
14115,0
14116,0
14117,0
14118,3
14118,0
14120,4
14121,0
14121,0
14121,0
14123,0
14125,0
14126,0
14126,0
14126,0
14127,2
14130,3
14131,1
14131,0
14133,1
14133,0
14134,4
14134,2
14135,4
14136,0
14137,0
14137,2
14140,1
14142,0
14142,1
14142,0
14142,3
14143,4
14145,1
14145,0
14145,2
14147,0
14147,1
14148,2
14150,0
14151,0
14153,0
14154,0
14157,0
14162,0
14164,0
14166,3
14169,1
14171,0
14171,1
14173,4
14173,1
14173,5
14174,0
14176,5
14185,1
14190,1
14190,0
14194,0
14197,0
14205,0
14208,5
14210,0
14211,6
14213,0
14214,0
14216,4
14218,0
14219,0
14220,0
14220,1
14221,6
14225,1
14226,6
14227,1
14227,0
14227,0
14229,4
14229,1
14230,0
14235,0
14235,9
14235,0
14236,0
14239,1
14239,0
14243,1
14246,0
14247,1
14248,0
14248,1
14249,0
14253,0
14255,0
14258,1
14259,0
14260,3
14260,1
14260,0
14261,0
14265,0
14271,0
14273,1
14274,1
14274,0
14280,1
14282,8
14283,0
14286,5
14286,0
14292,0
14293,0
14294,4
14295,0
14297,2
14297,1
14297,2
14300,0
14302,0
14302,2
14303,0
14311,1
14311,0
14315,0
14317,1
14319,1
14321,0
14323,3
14323,0
14323,0
14325,1
14328,0
14328,13
14330,0
14335,3
14337,0
14338,2
14341,0
14343,0
14344,1
14345,0
14345,1
14345,1
14347,0
14352,0
14353,2
14353,0
14355,6
14361,1
14361,3
14364,4
14367,0
14367,1
14368,2
14369,2
14370,0
14371,2
14371,1
14374,0
14376,0
14377,0
14378,0
14380,1
14382,1
14382,3
14384,4
14387,0
14387,0
14388,1
14388,1
14392,1
14392,1
14393,3
14393,0
14399,0
14404,0
14406,1
14407,0
14408,1
14411,0
14413,0
14414,0
14414,0
14416,1
14418,0
14418,0
14419,0
14420,1
14423,1
14427,3
14430,1
14432,0
14437,0
14438,1
14439,4
14441,0
14442,2
14445,0
14445,0
14446,0
14453,0
14461,0
14461,0
14461,3
14466,1
14466,10
14469,0
14469,0
14470,0
14473,4
14474,4
14475,0
14476,0
14476,0
14476,0
14478,13
14480,1
14480,0
14485,0
14486,0
14486,4
14490,0
14491,2
14491,2
14492,0
14493,0
14494,0
14494,0
14494,0
14495,0
14495,1
14497,0
14497,0
14498,0
14501,1
14501,1
14501,2
14501,0
14502,0
14504,3
14504,0
14507,0
14507,1
14511,0
14512,0
14514,3
14514,0
14516,1
14518,1
14518,0
14519,0
14527,1
14532,0
14534,1
14534,0
14535,2
14536,0
14537,0
14541,1
14543,1
14546,0
14547,1
14549,1
14550,0
14553,0
14555,0
14556,0
14558,0
14558,1
14558,0
14559,0
14559,1
14560,0
14561,7
14561,4
14562,0
14563,0
14564,5
14567,0
14569,0
14569,1
14575,1
14576,0
14578,3
14579,0
14581,0
14582,0
14583,3
14584,0
14585,3
14585,0
14590,0
14590,0
14591,0
14592,1
14592,1
14593,2
14593,0
14595,0
14602,0
14605,0
14609,1
14610,0
14611,0
14611,1
14612,0
14615,3
14619,0
14620,0
14620,0
14621,1
14622,2
14622,1
14624,0
14628,0
14629,0
14629,0
14630,0
14630,4
14632,0
14632,0
14636,9
14645,0
14646,3
14646,0
14648,0
14648,0
14648,1
14651,3
14652,5
14652,0
14660,1
14660,0
14661,1
14664,17
14666,2
14669,0
14673,0
14675,0
14676,1
14683,0
14683,0
14685,0
14686,0
14687,1
14687,0
14688,0
14688,0
14691,0
14702,1
14703,0
14707,0
14708,0
14709,1
14711,0
14711,10
14714,0
14714,1
14716,0
14721,0
14721,2
14724,5
14724,0
14726,1
14726,1
14730,2
14731,0
14732,0
14734,1
14735,0
14738,13
14739,1
14740,2
14740,1
14745,0
14749,0
14753,8
14754,0
14756,0
14758,1
14760,0
14762,0
14763,0
14765,1
14767,1
14771,1
14772,0
14773,0
14775,0
14778,8
14779,0
14779,0
14780,0
14783,0
14788,1
14790,7
14792,6
14793,0
14795,0
14797,0
14799,0
14799,0
14802,1
14802,2
14804,2
14805,8
14806,0
14806,0
14806,1
14807,3
14811,0
14812,2
14814,1
14819,5
14821,1
14822,0
14823,0
14823,0
14826,0
14827,0
14828,0
14833,1
14838,1
14840,0
14840,0
14841,0
14842,0
14845,1
14846,1
14848,2
14856,0
14857,0
14857,0
14859,0
14859,0
14863,0
14863,1
14867,1
14868,1
14873,3
14878,1
14883,0
14885,1
14886,8
14897,0
14900,0
14906,0
14910,0
14914,2
14914,1
14916,2
14918,4
14919,1
14921,1
14922,3
14923,1
14930,0
14931,1
14933,0
14936,0
14937,0
14941,1
14943,0
14945,0
14946,1
14948,1
14955,2
14957,0
14958,0
14958,0
14962,4
14963,0
14965,0
14966,1
14969,0
14969,0
14970,3
14970,0
14974,2
14975,0
