"time","IDs","migrant"
14600,2,"21"
14600,4,"21"
14600,16,"21"
14600,22,"21"
14600,32,"21"
14600,37,"21"
14600,41,"21"
14600,42,"21"
14600,46,"21"
14600,47,"21"
14600,48,"21"
14600,49,"21"
14600,55,"21"
14600,63,"21"
14600,64,"21"
14600,71,"21"
14600,77,"21"
14600,85,"21"
14600,92,"21"
14600,95,"21"
14600,96,"21"
14600,99,"21"
14600,100,"21"
14600,107,"21"
14600,111,"21"
14600,116,"21"
14600,119,"21"
14600,122,"21"
14600,123,"21"
14600,131,"21"
14600,133,"21"
14600,145,"21"
14600,154,"21"
14600,179,"21"
14600,184,"21"
14600,187,"21"
14600,202,"21"
14600,222,"21"
14600,227,"21"
14600,230,"21"
14600,233,"21"
14600,236,"21"
14600,237,"21"
14600,239,"21"
14600,246,"21"
14600,268,"21"
14600,271,"21"
14600,274,"21"
14600,283,"21"
14600,291,"21"
14600,293,"21"
14600,295,"21"
14600,322,"21"
14600,329,"21"
14600,331,"21"
14600,334,"21"
14600,336,"21"
14600,340,"21"
14600,341,"21"
14600,351,"21"
14600,355,"21"
14600,371,"21"
14600,372,"21"
14600,376,"21"
14600,381,"21"
14600,387,"21"
14600,390,"21"
14600,392,"21"
14600,397,"21"
14600,407,"21"
14600,411,"21"
14600,414,"21"
14600,416,"21"
14600,423,"21"
14600,424,"21"
14600,428,"21"
14600,431,"21"
14600,442,"21"
14600,445,"21"
14600,447,"21"
14600,456,"21"
14600,466,"21"
14600,471,"21"
14600,477,"21"
14600,479,"21"
14600,483,"21"
14600,484,"21"
14600,487,"21"
14600,496,"21"
14600,508,"21"
14600,515,"21"
14600,517,"21"
14600,530,"21"
14600,533,"21"
14600,534,"21"
14600,536,"21"
14600,537,"21"
14600,540,"21"
14600,545,"21"
14600,546,"21"
14600,553,"21"
14600,556,"21"
14600,567,"21"
14600,569,"21"
14600,570,"21"
14600,595,"21"
14600,597,"21"
14600,601,"21"
14600,604,"21"
14600,606,"21"
14600,622,"21"
14600,629,"21"
14600,633,"21"
14600,637,"21"
14600,641,"21"
14600,643,"21"
14600,646,"21"
14600,648,"21"
14600,660,"21"
14600,665,"21"
14600,671,"21"
14600,678,"21"
14600,679,"21"
14600,683,"21"
14600,684,"21"
14600,686,"21"
14600,695,"21"
14600,698,"21"
14600,704,"21"
14600,706,"21"
14600,710,"21"
14600,712,"21"
14600,713,"21"
14600,715,"21"
14600,716,"21"
14600,719,"21"
14600,727,"21"
14600,742,"21"
14600,751,"21"
14600,764,"21"
14600,766,"21"
14600,768,"21"
14600,777,"21"
14600,792,"21"
14600,815,"21"
14600,829,"21"
14600,838,"21"
14600,852,"21"
14600,856,"21"
14600,861,"21"
14600,865,"21"
14600,867,"21"
14600,873,"21"
14600,882,"21"
14600,889,"21"
14600,896,"21"
14600,898,"21"
14600,902,"21"
14600,904,"21"
14600,914,"21"
14600,934,"21"
14600,936,"21"
14600,938,"21"
14600,942,"21"
14600,943,"21"
14600,945,"21"
14600,947,"21"
14600,948,"21"
14600,950,"21"
14600,955,"21"
14600,975,"21"
14600,982,"21"
14600,986,"21"
14600,987,"21"
14600,993,"21"
14600,994,"21"
14600,996,"21"
14600,998,"21"
14600,1004,"21"
14600,1015,"21"
14600,1018,"21"
14600,1025,"21"
14600,1027,"21"
14600,1033,"21"
14600,1041,"21"
14600,1043,"21"
14600,1044,"21"
14600,1047,"21"
14600,1048,"21"
14600,1049,"21"
14600,1058,"21"
14600,1059,"21"
14600,1060,"21"
14600,1062,"21"
14600,1064,"21"
14600,1072,"21"
14600,1079,"21"
14600,1082,"21"
14600,1088,"21"
14600,1090,"21"
14600,1093,"21"
14600,1097,"21"
14600,1099,"21"
14600,1100,"21"
14600,1107,"21"
14600,1109,"21"
14600,1112,"21"
14600,1116,"21"
14600,1119,"21"
14600,1120,"21"
14600,1125,"21"
14600,1136,"21"
14600,1137,"21"
14600,1139,"21"
14600,1152,"21"
14600,1156,"21"
14600,1159,"21"
14600,1186,"21"
14600,1188,"21"
14600,1206,"21"
14600,1220,"21"
14600,1224,"21"
14600,1226,"21"
14600,1231,"21"
14600,1235,"21"
14600,1238,"21"
14600,1239,"21"
14600,1241,"21"
14600,1242,"21"
14600,1247,"21"
14600,1250,"21"
14600,1251,"21"
14600,1252,"21"
14600,1254,"21"
14600,1255,"21"
14600,1269,"21"
14600,1271,"21"
14600,1274,"21"
14600,1282,"21"
14600,1295,"21"
14600,1301,"21"
14600,1303,"21"
14600,1309,"21"
14600,1318,"21"
14600,1320,"21"
14600,1328,"21"
14600,1330,"21"
14600,1334,"21"
14600,1335,"21"
14600,1346,"21"
14600,1347,"21"
14600,1354,"21"
14600,1362,"21"
14600,1365,"21"
14600,1371,"21"
14600,1381,"21"
14600,1386,"21"
14600,1389,"21"
14600,1396,"21"
14600,1403,"21"
14600,1407,"21"
14600,1415,"21"
14600,1423,"21"
14600,1430,"21"
14600,1437,"21"
14600,1438,"21"
14600,1445,"21"
14600,1453,"21"
14600,1457,"21"
14600,1458,"21"
14600,1463,"21"
14600,1471,"21"
14600,1474,"21"
14600,1493,"21"
14600,1494,"21"
14600,1498,"21"
14600,1500,"21"
14600,1501,"21"
14600,1505,"21"
14600,1507,"21"
14600,1511,"21"
14600,1519,"21"
14600,1522,"21"
14600,1524,"21"
14600,1525,"21"
14600,1528,"21"
14600,1538,"21"
14600,1545,"21"
14600,1547,"21"
14600,1548,"21"
14600,1558,"21"
14600,1564,"21"
14600,1565,"21"
14600,1567,"21"
14600,1586,"21"
14600,1587,"21"
14600,1598,"21"
14600,1603,"21"
14600,1605,"21"
14600,1606,"21"
14600,1607,"21"
14600,1616,"21"
14600,1625,"21"
14600,1627,"21"
14600,1633,"21"
14600,1638,"21"
14600,1640,"21"
14600,1641,"21"
14600,1646,"21"
14600,1649,"21"
14600,1660,"21"
14600,1663,"21"
14600,1664,"21"
14600,1670,"21"
14600,1686,"21"
14600,1687,"21"
14600,1690,"21"
14600,1691,"21"
14600,1692,"21"
14600,1693,"21"
14600,1694,"21"
14600,1697,"21"
14600,1702,"21"
14600,1704,"21"
14600,1710,"21"
14600,1714,"21"
14600,1725,"21"
14600,1726,"21"
14600,1733,"21"
14600,1741,"21"
14600,1745,"21"
14600,1749,"21"
14600,1755,"21"
14600,1762,"21"
14600,1773,"21"
14600,1784,"21"
14600,1805,"21"
14600,1807,"21"
14600,1808,"21"
14600,1809,"21"
14600,1813,"21"
14600,1815,"21"
14600,1819,"21"
14600,1821,"21"
14600,1824,"21"
14600,1829,"21"
14600,1831,"21"
14600,1832,"21"
14600,1834,"21"
14600,1843,"21"
14600,1853,"21"
14600,1858,"21"
14600,1861,"21"
14600,1867,"21"
14600,1868,"21"
14600,1871,"21"
14600,1873,"21"
14600,1876,"21"
14600,1891,"21"
14600,1892,"21"
14600,1899,"21"
14600,1900,"21"
14600,1904,"21"
14600,1905,"21"
14600,1911,"21"
14600,1916,"21"
14600,1921,"21"
14600,1926,"21"
14600,1932,"21"
14600,1937,"21"
14600,1939,"21"
14600,1940,"21"
14600,1945,"21"
14600,1947,"21"
14600,1952,"21"
14600,1953,"21"
14600,1957,"21"
14600,1958,"21"
14600,1961,"21"
14600,1964,"21"
14600,1967,"21"
14600,1975,"21"
14600,1976,"21"
14600,1998,"21"
14600,2006,"21"
14600,2009,"21"
14600,2015,"21"
14600,2016,"21"
14600,2017,"21"
14600,2020,"21"
14600,2024,"21"
14600,2028,"21"
14600,2049,"21"
14600,2058,"21"
14600,2060,"21"
14600,2061,"21"
14600,2062,"21"
14600,2064,"21"
14600,2067,"21"
14600,2076,"21"
14600,2081,"21"
14600,2083,"21"
14600,2086,"21"
14600,2087,"21"
14600,2088,"21"
14600,2100,"21"
14600,2110,"21"
14600,2113,"21"
14600,2122,"21"
14600,2123,"21"
14600,2128,"21"
14600,2132,"21"
14600,2136,"21"
14600,2137,"21"
14600,2139,"21"
14600,2140,"21"
14600,2145,"21"
14600,2151,"21"
14600,2152,"21"
14600,2155,"21"
14600,2156,"21"
14600,2160,"21"
14600,2169,"21"
14600,2179,"21"
14600,2196,"21"
14600,2212,"21"
14600,2218,"21"
14600,2224,"21"
14600,2225,"21"
14600,2227,"21"
14600,2233,"21"
14600,2256,"21"
14600,2273,"21"
14600,2279,"21"
14600,2293,"21"
14600,2297,"21"
14600,2302,"21"
14600,2309,"21"
14600,2320,"21"
14600,2321,"21"
14600,2324,"21"
14600,2334,"21"
14600,2335,"21"
14600,2339,"21"
14600,2341,"21"
14600,2352,"21"
14600,2357,"21"
14600,2360,"21"
14600,2361,"21"
14600,2363,"21"
14600,2367,"21"
14600,2368,"21"
14600,2369,"21"
14600,2378,"21"
14600,2400,"21"
14600,2411,"21"
14600,2413,"21"
14600,2414,"21"
14600,2416,"21"
14600,2424,"21"
14600,2426,"21"
14600,2434,"21"
14600,2437,"21"
14600,2438,"21"
14600,2449,"21"
14600,2452,"21"
14600,2455,"21"
14600,2465,"21"
14600,2470,"21"
14600,2475,"21"
14600,2476,"21"
14600,2477,"21"
14600,2482,"21"
14600,2486,"21"
14600,2494,"21"
14600,2495,"21"
14600,2498,"21"
14600,2499,"21"
14600,2500,"21"
14600,2506,"21"
14600,2507,"21"
14600,2515,"21"
14600,2523,"21"
14600,2524,"21"
14600,2540,"21"
14600,2541,"21"
14600,2543,"21"
14600,2546,"21"
14600,2548,"21"
14600,2555,"21"
14600,2556,"21"
14600,2564,"21"
14600,2565,"21"
14600,2580,"21"
14600,2584,"21"
14600,2587,"21"
14600,2593,"21"
14600,2595,"21"
14600,2599,"21"
14600,2612,"21"
14600,2618,"21"
14600,2619,"21"
14600,2621,"21"
14600,2622,"21"
14600,2624,"21"
14600,2628,"21"
14600,2631,"21"
14600,2632,"21"
14600,2637,"21"
14600,2638,"21"
14600,2639,"21"
14600,2640,"21"
14600,2647,"21"
14600,2650,"21"
14600,2651,"21"
14600,2652,"21"
14600,2653,"21"
14600,2658,"21"
14600,2659,"21"
14600,2663,"21"
14600,2664,"21"
14600,2673,"21"
14600,2674,"21"
14600,2677,"21"
14600,2680,"21"
14600,2687,"21"
14600,2701,"21"
14600,2703,"21"
14600,2704,"21"
14600,2709,"21"
14600,2710,"21"
14600,2713,"21"
14600,2731,"21"
14600,2735,"21"
14600,2739,"21"
14600,2743,"21"
14600,2746,"21"
14600,2748,"21"
14600,2753,"21"
14600,2754,"21"
14600,2755,"21"
14600,2756,"21"
14600,2759,"21"
14600,2765,"21"
14600,2766,"21"
14600,2770,"21"
14600,2772,"21"
14600,2776,"21"
14600,2780,"21"
14600,2781,"21"
14600,2785,"21"
14600,2786,"21"
14600,2797,"21"
14600,2802,"21"
14600,2816,"21"
14600,2819,"21"
14600,2820,"21"
14600,2828,"21"
14600,2830,"21"
14600,2832,"21"
14600,2835,"21"
14600,2839,"21"
14600,2845,"21"
14600,2849,"21"
14600,2862,"21"
14600,2878,"21"
14600,2881,"21"
14600,2892,"21"
14600,2907,"21"
14600,2911,"21"
14600,2926,"21"
14600,2928,"21"
14600,2931,"21"
14600,2932,"21"
14600,2933,"21"
14600,2936,"21"
14600,2938,"21"
14600,2940,"21"
14600,2946,"21"
14600,2948,"21"
14600,2949,"21"
14600,2950,"21"
14600,2964,"21"
14600,2976,"21"
14600,2979,"21"
14600,2986,"21"
14600,2993,"21"
14600,3003,"21"
14600,3004,"21"
14600,3006,"21"
14600,3007,"21"
14600,3012,"21"
14600,3014,"21"
14600,3015,"21"
14600,3016,"21"
14600,3019,"21"
14600,3020,"21"
14600,3021,"21"
14600,3025,"21"
14600,3026,"21"
14600,3027,"21"
14600,3028,"21"
14600,3031,"21"
14600,3032,"21"
14600,3034,"21"
14600,3035,"21"
14600,3037,"21"
14600,3038,"21"
14600,3040,"21"
14600,3041,"21"
14600,3042,"21"
14600,3043,"21"
14600,3047,"21"
14600,3049,"21"
14600,3053,"21"
14600,3054,"21"
14600,3057,"21"
14600,3059,"21"
14600,3060,"21"
14600,3061,"21"
14600,3062,"21"
14600,3064,"21"
14600,3065,"21"
14600,3066,"21"
14600,3071,"21"
14600,3073,"21"
14600,3076,"21"
14600,3078,"21"
14600,3079,"21"
14600,3084,"21"
14600,3085,"21"
14600,3086,"21"
14600,3088,"21"
14600,3092,"21"
14600,3093,"21"
14600,3097,"21"
14600,3099,"21"
14600,3103,"21"
14600,3104,"21"
14600,3105,"21"
14600,3109,"21"
14600,3110,"21"
14600,3112,"21"
14600,3113,"21"
14600,3114,"21"
14600,3117,"21"
14600,3118,"21"
14600,3119,"21"
14600,3121,"21"
14600,3123,"21"
14600,3125,"21"
14600,3127,"21"
14600,3128,"21"
14600,3130,"21"
14600,3133,"21"
14600,3135,"21"
14600,3136,"21"
14600,3137,"21"
14600,3138,"21"
14600,3140,"21"
14600,3141,"21"
14600,3142,"21"
14600,3145,"21"
14600,3148,"21"
14600,3152,"21"
14600,3153,"21"
14600,3154,"21"
14600,3157,"21"
14600,3163,"21"
14600,3164,"21"
14600,3169,"21"
14600,3171,"21"
14600,3172,"21"
14600,3173,"21"
14600,3174,"21"
14600,3179,"21"
14600,3182,"21"
14600,3184,"21"
14600,3185,"21"
14600,3186,"21"
14600,3189,"21"
14600,3190,"21"
14600,3193,"21"
14600,3197,"21"
14600,3198,"21"
14600,3201,"21"
14600,3202,"21"
14600,3203,"21"
14600,3204,"21"
14600,3205,"21"
14600,3207,"21"
14600,3208,"21"
14600,3209,"21"
14600,3215,"21"
14600,3218,"21"
14600,3220,"21"
14600,3221,"21"
14600,3223,"21"
14600,3224,"21"
14600,3225,"21"
14600,3227,"21"
14600,3228,"21"
14600,3230,"21"
14600,3231,"21"
14600,3232,"21"
14600,3233,"21"
14600,3236,"21"
14600,3237,"21"
14600,3241,"21"
14600,3245,"21"
14600,3246,"21"
14600,3248,"21"
14600,3249,"21"
14600,3254,"21"
14600,3257,"21"
14600,3258,"21"
14600,3263,"21"
14600,3265,"21"
14600,3266,"21"
14600,3270,"21"
14600,3271,"21"
14600,3274,"21"
14600,3281,"21"
14600,3283,"21"
14600,3285,"21"
14600,3287,"21"
14600,3293,"21"
14600,3295,"21"
14600,3299,"21"
14600,3300,"21"
14600,3303,"21"
14600,3304,"21"
14600,3307,"21"
14600,3309,"21"
14600,3310,"21"
14600,3311,"21"
14600,3314,"21"
14600,3315,"21"
14600,3318,"21"
14600,3319,"21"
14600,3321,"21"
14600,3322,"21"
14600,3324,"21"
14600,3325,"21"
14600,3326,"21"
14600,3327,"21"
14600,3328,"21"
14600,3331,"21"
14600,3332,"21"
14600,3335,"21"
14600,3338,"21"
14600,3339,"21"
14600,3340,"21"
14600,3341,"21"
14600,3350,"21"
14600,3351,"21"
14600,3352,"21"
14600,3353,"21"
14600,3358,"21"
14600,3360,"21"
14600,3361,"21"
14600,3365,"21"
14600,3370,"21"
14600,3373,"21"
14600,3375,"21"
14600,3376,"21"
14600,3378,"21"
14600,3381,"21"
14600,3385,"21"
14600,3387,"21"
14600,3388,"21"
14600,3391,"21"
14600,3392,"21"
14600,3393,"21"
14600,3395,"21"
14600,3396,"21"
14600,3400,"21"
14600,3402,"21"
14600,3405,"21"
14600,3407,"21"
14600,3409,"21"
14600,3410,"21"
14600,3411,"21"
14600,3412,"21"
14600,3413,"21"
14600,3414,"21"
14600,3416,"21"
14600,3418,"21"
14600,3419,"21"
14600,3422,"21"
14600,3425,"21"
14600,3428,"21"
14600,3433,"21"
14600,3434,"21"
14600,3435,"21"
14600,3439,"21"
14600,3440,"21"
14600,3443,"21"
14600,3445,"21"
14600,3446,"21"
14600,3449,"21"
14600,3450,"21"
14600,3452,"21"
14600,3453,"21"
14600,3454,"21"
14600,3455,"21"
14600,3456,"21"
14600,3458,"21"
14600,3460,"21"
14600,3466,"21"
14600,3467,"21"
14600,3469,"21"
14600,3470,"21"
14600,3473,"21"
14600,3475,"21"
14600,3476,"21"
14600,3479,"21"
14600,3480,"21"
14600,3484,"21"
14600,3486,"21"
14600,3487,"21"
14600,3492,"21"
14600,3495,"21"
14600,3497,"21"
14600,3501,"21"
14600,3502,"21"
14600,3504,"21"
14600,3505,"21"
14600,3507,"21"
14600,3508,"21"
14600,3509,"21"
14600,3510,"21"
14600,3512,"21"
14600,3516,"21"
14600,3517,"21"
14600,3520,"21"
14600,3522,"21"
14600,3524,"21"
14600,3525,"21"
14600,3529,"21"
14600,3530,"21"
14600,3534,"21"
14600,3536,"21"
14600,3538,"21"
14600,3541,"21"
14600,3544,"21"
14600,3545,"21"
14600,3546,"21"
14600,3548,"21"
14600,3549,"21"
14600,3550,"21"
14600,3559,"21"
14600,3563,"21"
14600,3565,"21"
14600,3566,"21"
14600,3568,"21"
14600,3570,"21"
14600,3573,"21"
14600,3575,"21"
14600,3577,"21"
14600,3578,"21"
14600,3581,"21"
14600,3582,"21"
14600,3583,"21"
14600,3585,"21"
14600,3586,"21"
14600,3587,"21"
14600,3588,"21"
14600,3591,"21"
14600,3592,"21"
14600,3593,"21"
14600,3594,"21"
14600,3595,"21"
14600,3597,"21"
14600,3598,"21"
14600,3599,"21"
14600,3602,"21"
14600,3603,"21"
14600,3608,"21"
14600,3612,"21"
14600,3614,"21"
14600,3616,"21"
14600,3618,"21"
14600,3620,"21"
14600,3623,"21"
14600,3624,"21"
14600,3629,"21"
14600,3632,"21"
14600,3634,"21"
14600,3637,"21"
14600,3639,"21"
14600,3642,"21"
14600,3643,"21"
14600,3645,"21"
14600,3649,"21"
14600,3650,"21"
14600,3651,"21"
14600,3652,"21"
14600,3656,"21"
14600,3659,"21"
14600,3660,"21"
14600,3664,"21"
14600,3666,"21"
14600,3671,"21"
14600,3672,"21"
14600,3675,"21"
14600,3679,"21"
14600,3680,"21"
14600,3681,"21"
14600,3683,"21"
14600,3685,"21"
14600,3689,"21"
14600,3690,"21"
14600,3694,"21"
14600,3695,"21"
14600,3701,"21"
14600,3703,"21"
14600,3704,"21"
14600,3706,"21"
14600,3707,"21"
14600,3708,"21"
14600,3709,"21"
14600,3712,"21"
14600,3719,"21"
14600,3721,"21"
14600,3726,"21"
14600,3727,"21"
14600,3733,"21"
14600,3734,"21"
14600,3735,"21"
14600,3739,"21"
14600,3742,"21"
14600,3745,"21"
14600,3747,"21"
14600,3748,"21"
14600,3752,"21"
14600,3754,"21"
14600,3755,"21"
14600,3756,"21"
14600,3757,"21"
14600,3758,"21"
14600,3759,"21"
14600,3763,"21"
14600,3764,"21"
14600,3767,"21"
14600,3771,"21"
14600,3773,"21"
14600,3774,"21"
14600,3775,"21"
14600,3777,"21"
14600,3778,"21"
14600,3781,"21"
14600,3782,"21"
14600,3784,"21"
14600,3785,"21"
14600,3787,"21"
14600,3792,"21"
14600,3793,"21"
14600,3794,"21"
14600,3795,"21"
14600,3796,"21"
14600,3797,"21"
14600,3801,"21"
14600,3802,"21"
14600,3803,"21"
14600,3805,"21"
14600,3806,"21"
14600,3811,"21"
14600,3812,"21"
14600,3813,"21"
14600,3814,"21"
14600,3815,"21"
14600,3817,"21"
14600,3822,"21"
14600,3823,"21"
14600,3827,"21"
14600,3829,"21"
14600,3830,"21"
14600,3833,"21"
14600,3834,"21"
14600,3835,"21"
14600,3836,"21"
14600,3838,"21"
14600,3839,"21"
14600,3840,"21"
14600,3841,"21"
14600,3842,"21"
14600,3843,"21"
14600,3846,"21"
14600,3847,"21"
14600,3848,"21"
14600,3851,"21"
14600,3853,"21"
14600,3855,"21"
14600,3860,"21"
14600,3871,"21"
14600,3872,"21"
14600,3874,"21"
14600,3875,"21"
14600,3879,"21"
14600,3881,"21"
14600,3883,"21"
14600,3885,"21"
14600,3886,"21"
14600,3888,"21"
14600,3893,"21"
14600,3894,"21"
14600,3895,"21"
14600,3898,"21"
14600,3899,"21"
14600,3903,"21"
14600,3906,"21"
14600,3907,"21"
14600,3911,"21"
14600,3912,"21"
14600,3915,"21"
14600,3917,"21"
14600,3923,"21"
14600,3925,"21"
14600,3926,"21"
14600,3929,"21"
14600,3930,"21"
14600,3931,"21"
14600,3934,"21"
14600,3935,"21"
14600,3939,"21"
14600,3941,"21"
14600,3943,"21"
14600,3947,"21"
14600,3956,"21"
14600,3958,"21"
14600,3959,"21"
14600,3960,"21"
14600,3961,"21"
14600,3962,"21"
14600,3963,"21"
14600,3968,"21"
14600,3969,"21"
14600,3970,"21"
14600,3971,"21"
14600,3973,"21"
14600,3975,"21"
14600,3977,"21"
14600,3978,"21"
14600,3980,"21"
14600,3982,"21"
14600,3985,"21"
14600,3993,"21"
14600,3995,"21"
14600,3998,"21"
14600,4000,"21"
14600,4002,"21"
14600,4005,"21"
14600,4006,"21"
14600,4007,"21"
14600,4009,"21"
14600,4011,"21"
14600,4014,"21"
14600,4017,"21"
14600,4018,"21"
14600,4020,"21"
14600,4021,"21"
14600,4023,"21"
14600,4025,"21"
14600,4026,"21"
14600,4027,"21"
14600,4030,"21"
14600,4033,"21"
14600,4038,"21"
14600,4041,"21"
14600,4042,"21"
14600,4044,"21"
14600,4046,"21"
14600,4047,"21"
14600,4049,"21"
14600,4050,"21"
14600,4053,"21"
14600,4056,"21"
14600,4057,"21"
14600,4059,"21"
14600,4060,"21"
14600,4066,"21"
14600,4067,"21"
14600,4069,"21"
14600,4071,"21"
14600,4073,"21"
14600,4074,"21"
14600,4076,"21"
14600,4079,"21"
14600,4080,"21"
14600,4082,"21"
14600,4083,"21"
14600,4084,"21"
14600,4085,"21"
14600,4088,"21"
14600,4089,"21"
14600,4090,"21"
14600,4091,"21"
14600,4094,"21"
14600,4095,"21"
14600,4098,"21"
14600,4099,"21"
14600,4100,"21"
14600,4101,"21"
14600,4103,"21"
14600,4104,"21"
14600,4109,"21"
14600,4111,"21"
14600,4112,"21"
14600,4115,"21"
14600,4118,"21"
14600,4123,"21"
14600,4124,"21"
14600,4127,"21"
14600,4128,"21"
14600,4129,"21"
14600,4130,"21"
14600,4132,"21"
14600,4134,"21"
14600,4135,"21"
14600,4136,"21"
14600,4137,"21"
14600,4140,"21"
14600,4141,"21"
14600,4148,"21"
14600,4149,"21"
14600,4150,"21"
14600,4152,"21"
14600,4155,"21"
14600,4156,"21"
14600,4157,"21"
14600,4158,"21"
14600,4160,"21"
14600,4162,"21"
14600,4165,"21"
14600,4166,"21"
14600,4167,"21"
14600,4168,"21"
14600,4170,"21"
14600,4172,"21"
14600,4181,"21"
14600,4182,"21"
14600,4183,"21"
14600,4184,"21"
14600,4185,"21"
14600,4186,"21"
14600,4189,"21"
14600,4190,"21"
14600,4191,"21"
14600,4193,"21"
14600,4194,"21"
14600,4195,"21"
14600,4196,"21"
14600,4197,"21"
14600,4200,"21"
14600,4202,"21"
14600,4203,"21"
14600,4205,"21"
14600,4206,"21"
14600,4207,"21"
14600,4209,"21"
14600,4211,"21"
14600,4213,"21"
14600,4214,"21"
14600,4216,"21"
14600,4217,"21"
14600,4218,"21"
14600,4222,"21"
14600,4223,"21"
14600,4225,"21"
14600,4227,"21"
14600,4228,"21"
14600,4230,"21"
14600,4234,"21"
14600,4235,"21"
14600,4236,"21"
14600,4237,"21"
14600,4238,"21"
14600,4240,"21"
14600,4242,"21"
14600,4244,"21"
14600,4245,"21"
14600,4247,"21"
14600,4249,"21"
14600,4250,"21"
14600,4251,"21"
14600,4252,"21"
14600,4253,"21"
14600,4256,"21"
14600,4257,"21"
14600,4258,"21"
14600,4262,"21"
14600,4268,"21"
14600,4270,"21"
14600,4271,"21"
14600,4272,"21"
14600,4275,"21"
14600,4278,"21"
14600,4280,"21"
14600,4281,"21"
14600,4284,"21"
14600,4287,"21"
14600,4289,"21"
14600,4293,"21"
14600,4294,"21"
14600,4296,"21"
14600,4297,"21"
14600,4298,"21"
14600,4299,"21"
14600,4300,"21"
14600,4303,"21"
14600,4304,"21"
14600,4306,"21"
14600,4307,"21"
14600,4308,"21"
14600,4315,"21"
14600,4317,"21"
14600,4318,"21"
14600,4320,"21"
14600,4321,"21"
14600,4322,"21"
14600,4323,"21"
14600,4325,"21"
14600,4329,"21"
14600,4331,"21"
14600,4334,"21"
14600,4337,"21"
14600,4339,"21"
14600,4340,"21"
14600,4343,"21"
14600,4346,"21"
14600,4347,"21"
14600,4348,"21"
14600,4352,"21"
14600,4353,"21"
14600,4356,"21"
14600,4357,"21"
14600,4363,"21"
14600,4364,"21"
14600,4365,"21"
14600,4366,"21"
14600,4368,"21"
14600,4369,"21"
14600,4370,"21"
14600,4372,"21"
14600,4375,"21"
14600,4377,"21"
14600,4383,"21"
14600,4385,"21"
14600,4386,"21"
14600,4387,"21"
14600,4388,"21"
14600,4389,"21"
14600,4395,"21"
14600,4396,"21"
14600,4400,"21"
14600,4401,"21"
14600,4402,"21"
14600,4404,"21"
14600,4405,"21"
14600,4407,"21"
14600,4412,"21"
14600,4414,"21"
14600,4415,"21"
14600,4416,"21"
14600,4417,"21"
14600,4419,"21"
14600,4421,"21"
14600,4422,"21"
14600,4425,"21"
14600,4427,"21"
14600,4428,"21"
14600,4429,"21"
14600,4430,"21"
14600,4431,"21"
14600,4432,"21"
14600,4433,"21"
14600,4439,"21"
14600,4440,"21"
14600,4441,"21"
14600,4443,"21"
14600,4445,"21"
14600,4446,"21"
14600,4448,"21"
14600,4453,"21"
14600,4454,"21"
14600,4457,"21"
14600,4460,"21"
14600,4461,"21"
14600,4462,"21"
14600,4463,"21"
14600,4466,"21"
14600,4468,"21"
14600,4469,"21"
14600,4472,"21"
14600,4474,"21"
14600,4476,"21"
14600,4477,"21"
14600,4479,"21"
14600,4480,"21"
14600,4481,"21"
14600,4482,"21"
14600,4483,"21"
14600,4485,"21"
14600,4486,"21"
14600,4487,"21"
14600,4488,"21"
14600,4489,"21"
14600,4490,"21"
14600,4491,"21"
14600,4493,"21"
14600,4494,"21"
14600,4497,"21"
14600,4498,"21"
14600,4500,"21"
14600,4502,"21"
14600,4505,"21"
14600,4508,"21"
14600,4511,"21"
14600,4512,"21"
14600,4514,"21"
14600,4516,"21"
14600,4517,"21"
14600,4518,"21"
14600,4527,"21"
14600,4528,"21"
14600,4530,"21"
14600,4533,"21"
14600,4536,"21"
14600,4537,"21"
14600,4538,"21"
14600,4539,"21"
14600,4541,"21"
14600,4543,"21"
14600,4546,"21"
14600,4554,"21"
14600,4555,"21"
14600,4557,"21"
14600,4559,"21"
14600,4561,"21"
14600,4562,"21"
14600,4565,"21"
14600,4566,"21"
14600,4567,"21"
14600,4568,"21"
14600,4569,"21"
14600,4570,"21"
14600,4571,"21"
14600,4574,"21"
14600,4575,"21"
14600,4576,"21"
14600,4578,"21"
14600,4581,"21"
14600,4582,"21"
14600,4585,"21"
14600,4586,"21"
14600,4587,"21"
14600,4589,"21"
14600,4590,"21"
14600,4592,"21"
14600,4593,"21"
14600,4594,"21"
14600,4595,"21"
14600,4596,"21"
14600,4597,"21"
14600,4598,"21"
14600,4600,"21"
14600,4601,"21"
14600,4603,"21"
14600,4605,"21"
14600,4606,"21"
14600,4608,"21"
14600,4610,"21"
14600,4615,"21"
14600,4616,"21"
14600,4617,"21"
14600,4618,"21"
14600,4620,"21"
14600,4621,"21"
14600,4625,"21"
14600,4626,"21"
14600,4629,"21"
14600,4631,"21"
14600,4632,"21"
14600,4633,"21"
14600,4634,"21"
14600,4635,"21"
14600,4636,"21"
14600,4637,"21"
14600,4640,"21"
14600,4641,"21"
14600,4642,"21"
14600,4643,"21"
14600,4644,"21"
14600,4648,"21"
14600,4649,"21"
14600,4651,"21"
14600,4652,"21"
14600,4654,"21"
14600,4655,"21"
14600,4656,"21"
14600,4658,"21"
14600,4660,"21"
14600,4661,"21"
14600,4663,"21"
14600,4664,"21"
14600,4666,"21"
14600,4667,"21"
14600,4668,"21"
14600,4669,"21"
14600,4670,"21"
14600,4671,"21"
14600,4672,"21"
14600,4677,"21"
14600,4678,"21"
14600,4680,"21"
14600,4682,"21"
14600,4683,"21"
14600,4685,"21"
14600,4687,"21"
14600,4691,"21"
14600,4694,"21"
14600,4696,"21"
14600,4697,"21"
14600,4700,"21"
14600,4702,"21"
14600,4706,"21"
14600,4708,"21"
14600,4711,"21"
14600,4712,"21"
14600,4716,"21"
14600,4719,"21"
14600,4723,"21"
14600,4727,"21"
14600,4728,"21"
14600,4730,"21"
14600,4731,"21"
14600,4732,"21"
14600,4734,"21"
14600,4735,"21"
14600,4736,"21"
14600,4737,"21"
14600,4738,"21"
14600,4740,"21"
14600,4742,"21"
14600,4743,"21"
14600,4744,"21"
14600,4747,"21"
14600,4748,"21"
14600,4749,"21"
14600,4751,"21"
14600,4752,"21"
14600,4754,"21"
14600,4759,"21"
14600,4760,"21"
14600,4762,"21"
14600,4765,"21"
14600,4766,"21"
14600,4767,"21"
14600,4770,"21"
14600,4772,"21"
14600,4773,"21"
14600,4777,"21"
14600,4778,"21"
14600,4780,"21"
14600,4782,"21"
14600,4784,"21"
14600,4785,"21"
14600,4786,"21"
14600,4787,"21"
14600,4788,"21"
14600,4790,"21"
14600,4791,"21"
14600,4795,"21"
14600,4796,"21"
14600,4797,"21"
14600,4798,"21"
14600,4799,"21"
14600,4800,"21"
14600,4802,"21"
14600,4803,"21"
14600,4806,"21"
14600,4807,"21"
14600,4809,"21"
14600,4810,"21"
14600,4812,"21"
14600,4814,"21"
14600,4815,"21"
14600,4817,"21"
14600,4818,"21"
14600,4820,"21"
14600,4826,"21"
14600,4828,"21"
14600,4829,"21"
14600,4831,"21"
14600,4835,"21"
14600,4836,"21"
14600,4837,"21"
14600,4840,"21"
14600,4841,"21"
14600,4842,"21"
14600,4843,"21"
14600,4845,"21"
14600,4846,"21"
14600,4847,"21"
14600,4849,"21"
14600,4853,"21"
14600,4854,"21"
14600,4855,"21"
14600,4857,"21"
14600,4859,"21"
14600,4860,"21"
14600,4861,"21"
14600,4863,"21"
14600,4865,"21"
14600,4866,"21"
14600,4867,"21"
14600,4868,"21"
14600,4869,"21"
14600,4870,"21"
14600,4875,"21"
14600,4876,"21"
14600,4877,"21"
14600,4879,"21"
14600,4882,"21"
14600,4883,"21"
14600,4885,"21"
14600,4886,"21"
14600,4887,"21"
14600,4892,"21"
14600,4896,"21"
14600,4899,"21"
14600,4900,"21"
14600,4901,"21"
14600,4906,"21"
14600,4907,"21"
14600,4908,"21"
14600,4910,"21"
14600,4911,"21"
14600,4912,"21"
14600,4914,"21"
14600,4916,"21"
14600,4917,"21"
14600,4918,"21"
14600,4921,"21"
14600,4922,"21"
14600,4926,"21"
14600,4927,"21"
14600,4930,"21"
14600,4931,"21"
14600,4933,"21"
14600,4934,"21"
14600,4943,"21"
14600,4946,"21"
14600,4948,"21"
14600,4950,"21"
14600,4951,"21"
14600,4953,"21"
14600,4954,"21"
14600,4955,"21"
14600,4956,"21"
14600,4957,"21"
14600,4959,"21"
14600,4960,"21"
14600,4961,"21"
14600,4964,"21"
14600,4966,"21"
14600,4967,"21"
14600,4968,"21"
14600,4977,"21"
14600,4981,"21"
14600,4982,"21"
14600,4984,"21"
14600,4985,"21"
14600,4987,"21"
14600,4991,"21"
14600,4996,"21"
14600,4997,"21"
14600,4998,"21"
14600,5001,"21"
14600,5003,"21"
14600,5004,"21"
14600,5009,"21"
14600,5012,"21"
14600,5016,"21"
14600,5019,"21"
14600,5020,"21"
14600,5021,"21"
14600,5022,"21"
14600,5023,"21"
14600,5029,"21"
14600,5031,"21"
14600,5032,"21"
14600,5033,"21"
14600,5035,"21"
14600,5036,"21"
14600,5037,"21"
14600,5038,"21"
14600,5040,"21"
14600,5043,"21"
14600,5044,"21"
14600,5046,"21"
14600,5047,"21"
14600,5048,"21"
14600,5050,"21"
14600,5055,"21"
14600,5056,"21"
14600,5057,"21"
14600,5058,"21"
14600,5059,"21"
14600,5064,"21"
14600,5065,"21"
14600,5068,"21"
14600,5070,"21"
14600,5075,"21"
14600,5078,"21"
14600,5079,"21"
14600,5080,"21"
14600,5085,"21"
14600,5087,"21"
14600,5089,"21"
14600,5090,"21"
14600,5091,"21"
14600,5092,"21"
14600,5093,"21"
14600,5094,"21"
14600,5095,"21"
14600,5096,"21"
14600,5098,"21"
14600,5102,"21"
14600,5103,"21"
14600,5104,"21"
14600,5105,"21"
14600,5106,"21"
14600,5109,"21"
14600,5110,"21"
14600,5111,"21"
14600,5112,"21"
14600,5114,"21"
14600,5115,"21"
14600,5117,"21"
14600,5120,"21"
14600,5121,"21"
14600,5122,"21"
14600,5123,"21"
14600,5124,"21"
14600,5125,"21"
14600,5127,"21"
14600,5128,"21"
14600,5129,"21"
14600,5132,"21"
14600,5133,"21"
14600,5135,"21"
14600,5136,"21"
14600,5137,"21"
14600,5138,"21"
14600,5139,"21"
14600,5140,"21"
14600,5141,"21"
14600,5142,"21"
14600,5143,"21"
14600,5145,"21"
14600,5146,"21"
14600,5147,"21"
14600,5149,"21"
14600,5152,"21"
14600,5154,"21"
14600,5156,"21"
14600,5157,"21"
14600,5159,"21"
14600,5161,"21"
14600,5162,"21"
14600,5163,"21"
14600,5164,"21"
14600,5165,"21"
14600,5167,"21"
14600,5168,"21"
14600,5174,"21"
14600,5180,"21"
14600,5182,"21"
14600,5183,"21"
14600,5185,"21"
14600,5187,"21"
14600,5188,"21"
14600,5193,"21"
14600,5194,"21"
14600,5196,"21"
14600,5197,"21"
14600,5198,"21"
14600,5199,"21"
14600,5204,"21"
14600,5207,"21"
14600,5208,"21"
14600,5209,"21"
14600,5210,"21"
14600,5212,"21"
14600,5213,"21"
14600,5215,"21"
14600,5219,"21"
14600,5220,"21"
14600,5223,"21"
14600,5233,"21"
14600,5236,"21"
14600,5237,"21"
14600,5238,"21"
14600,5239,"21"
14600,5241,"21"
14600,5242,"21"
14600,5245,"21"
14600,5246,"21"
14600,5249,"21"
14600,5250,"21"
14600,5252,"21"
14600,5254,"21"
14600,5257,"21"
14600,5258,"21"
14600,5260,"21"
14600,5261,"21"
14600,5262,"21"
14600,5264,"21"
14600,5265,"21"
14600,5266,"21"
14600,5269,"21"
14600,5270,"21"
14600,5271,"21"
14600,5273,"21"
14600,5275,"21"
14600,5276,"21"
14600,5277,"21"
14600,5278,"21"
14600,5280,"21"
14600,5282,"21"
14600,5283,"21"
14600,5284,"21"
14600,5287,"21"
14600,5290,"21"
14600,5291,"21"
14600,5294,"21"
14600,5297,"21"
14600,5299,"21"
14600,5300,"21"
14600,5302,"21"
14600,5304,"21"
14600,5305,"21"
14600,5306,"21"
14600,5309,"21"
14600,5316,"21"
14600,5317,"21"
14600,5318,"21"
14600,5319,"21"
14600,5322,"21"
14600,5324,"21"
14600,5325,"21"
14600,5327,"21"
14600,5328,"21"
14600,5332,"21"
14600,5335,"21"
14600,5337,"21"
14600,5338,"21"
14600,5339,"21"
14600,5340,"21"
14600,5343,"21"
14600,5347,"21"
14600,5348,"21"
14600,5349,"21"
14600,5352,"21"
14600,5355,"21"
14600,5356,"21"
14600,5357,"21"
14600,5360,"21"
14600,5362,"21"
14600,5364,"21"
14600,5366,"21"
14600,5367,"21"
14600,5369,"21"
14600,5370,"21"
14600,5371,"21"
14600,5373,"21"
14600,5374,"21"
14600,5375,"21"
14600,5377,"21"
14600,5378,"21"
14600,5379,"21"
14600,5380,"21"
14600,5386,"21"
14600,5387,"21"
14600,5389,"21"
14600,5391,"21"
14600,5392,"21"
14600,5396,"21"
14600,5397,"21"
14600,5398,"21"
14600,5400,"21"
14600,5401,"21"
14600,5402,"21"
14600,5403,"21"
14600,5404,"21"
14600,5405,"21"
14600,5406,"21"
14600,5408,"21"
14600,5409,"21"
14600,5412,"21"
14600,5413,"21"
14600,5415,"21"
14600,5417,"21"
14600,5421,"21"
14600,5422,"21"
14600,5423,"21"
14600,5425,"21"
14600,5430,"21"
14600,5433,"21"
14600,5435,"21"
14600,5436,"21"
14600,5437,"21"
14600,5438,"21"
14600,5439,"21"
14600,5441,"21"
14600,5442,"21"
14600,5450,"21"
14600,5451,"21"
14600,5454,"21"
14600,5455,"21"
14600,5457,"21"
14600,5459,"21"
14600,5464,"21"
14600,5465,"21"
14600,5466,"21"
14600,5467,"21"
14600,5469,"21"
14600,5472,"21"
14600,5474,"21"
14600,5475,"21"
14600,5476,"21"
14600,5479,"21"
14600,5480,"21"
14600,5481,"21"
14600,5482,"21"
14600,5483,"21"
14600,5484,"21"
14600,5487,"21"
14600,5491,"21"
14600,5492,"21"
14600,5493,"21"
14600,5496,"21"
14600,5504,"21"
14600,5505,"21"
14600,5506,"21"
14600,5507,"21"
14600,5508,"21"
14600,5509,"21"
14600,5510,"21"
14600,5511,"21"
14600,5516,"21"
14600,5518,"21"
14600,5520,"21"
14600,5521,"21"
14600,5522,"21"
14600,5523,"21"
14600,5526,"21"
14600,5527,"21"
14600,5528,"21"
14600,5529,"21"
14600,5531,"21"
14600,5532,"21"
14600,5534,"21"
14600,5535,"21"
14600,5537,"21"
14600,5540,"21"
14600,5541,"21"
14600,5542,"21"
14600,5543,"21"
14600,5544,"21"
14600,5545,"21"
14600,5546,"21"
14600,5547,"21"
14600,5548,"21"
14600,5550,"21"
14600,5556,"21"
14600,5560,"21"
14600,5565,"21"
14600,5568,"21"
14600,5571,"21"
14600,5572,"21"
14600,5577,"21"
14600,5581,"21"
14600,5582,"21"
14600,5585,"21"
14600,5586,"21"
14600,5588,"21"
14600,5591,"21"
14600,5593,"21"
14600,5594,"21"
14600,5595,"21"
14600,5598,"21"
14600,5602,"21"
14600,5603,"21"
14600,5606,"21"
14600,5607,"21"
14600,5608,"21"
14600,5610,"21"
14600,5613,"21"
14600,5618,"21"
14600,5620,"21"
14600,5623,"21"
14600,5626,"21"
14600,5627,"21"
14600,5633,"21"
14600,5635,"21"
14600,5636,"21"
14600,5637,"21"
14600,5639,"21"
14600,5641,"21"
14600,5642,"21"
14600,5645,"21"
14600,5649,"21"
14600,5650,"21"
14600,5653,"21"
14600,5654,"21"
14600,5655,"21"
14600,5656,"21"
14600,5657,"21"
14600,5658,"21"
14600,5659,"21"
14600,5660,"21"
14600,5663,"21"
14600,5665,"21"
14600,5668,"21"
14600,5669,"21"
14600,5673,"21"
14600,5676,"21"
14600,5677,"21"
14600,5680,"21"
14600,5681,"21"
14600,5684,"21"
14600,5688,"21"
14600,5691,"21"
14600,5693,"21"
14600,5694,"21"
14600,5695,"21"
14600,5696,"21"
14600,5697,"21"
14600,5698,"21"
14600,5699,"21"
14600,5701,"21"
14600,5704,"21"
14600,5706,"21"
14600,5708,"21"
14600,5710,"21"
14600,5712,"21"
14600,5713,"21"
14600,5714,"21"
14600,5715,"21"
14600,5717,"21"
14600,5718,"21"
14600,5720,"21"
14600,5721,"21"
14600,5722,"21"
14600,5726,"21"
14600,5728,"21"
14600,5729,"21"
14600,5731,"21"
14600,5732,"21"
14600,5734,"21"
14600,5735,"21"
14600,5738,"21"
14600,5739,"21"
14600,5740,"21"
14600,5741,"21"
14600,5742,"21"
14600,5743,"21"
14600,5745,"21"
14600,5746,"21"
14600,5748,"21"
14600,5749,"21"
14600,5750,"21"
14600,5757,"21"
14600,5759,"21"
14600,5760,"21"
14600,5765,"21"
14600,5767,"21"
14600,5769,"21"
14600,5775,"21"
14600,5779,"21"
14600,5780,"21"
14600,5783,"21"
14600,5785,"21"
14600,5788,"21"
14600,5790,"21"
14600,5793,"21"
14600,5796,"21"
14600,5798,"21"
14600,5799,"21"
14600,5805,"21"
14600,5809,"21"
14600,5810,"21"
14600,5812,"21"
14600,5814,"21"
14600,5816,"21"
14600,5817,"21"
14600,5818,"21"
14600,5820,"21"
14600,5823,"21"
14600,5824,"21"
14600,5827,"21"
14600,5828,"21"
14600,5829,"21"
14600,5830,"21"
14600,5834,"21"
14600,5836,"21"
14600,5838,"21"
14600,5841,"21"
14600,5842,"21"
14600,5845,"21"
14600,5847,"21"
14600,5848,"21"
14600,5849,"21"
14600,5850,"21"
14600,5851,"21"
14600,5852,"21"
14600,5853,"21"
14600,5856,"21"
14600,5860,"21"
14600,5861,"21"
14600,5863,"21"
14600,5865,"21"
14600,5866,"21"
14600,5868,"21"
14600,5869,"21"
14600,5872,"21"
14600,5873,"21"
14600,5874,"21"
14600,5875,"21"
14600,5876,"21"
14600,5877,"21"
14600,5879,"21"
14600,5880,"21"
14600,5887,"21"
14600,5888,"21"
14600,5890,"21"
14600,5894,"21"
14600,5896,"21"
14600,5897,"21"
14600,5898,"21"
14600,5899,"21"
14600,5900,"21"
14600,5901,"21"
14600,5904,"21"
14600,5905,"21"
14600,5906,"21"
14600,5907,"21"
14600,5908,"21"
14600,5909,"21"
14600,5910,"21"
14600,5913,"21"
14600,5914,"21"
14600,5915,"21"
14600,5917,"21"
14600,5918,"21"
14600,5919,"21"
14600,5920,"21"
14600,5922,"21"
14600,5923,"21"
14600,5924,"21"
14600,5926,"21"
14600,5927,"21"
14600,5929,"21"
14600,5931,"21"
14600,5934,"21"
14600,5935,"21"
14600,5936,"21"
14600,5937,"21"
14600,5938,"21"
14600,5940,"21"
14600,5943,"21"
14600,5945,"21"
14600,5946,"21"
14600,5947,"21"
14600,5950,"21"
14600,5951,"21"
14600,5952,"21"
14600,5954,"21"
14600,5955,"21"
14600,5960,"21"
14600,5961,"21"
14600,5962,"21"
14600,5964,"21"
14600,5967,"21"
14600,5968,"21"
14600,5969,"21"
14600,5970,"21"
14600,5971,"21"
14600,5972,"21"
14600,5974,"21"
14600,5975,"21"
14600,5976,"21"
14600,5977,"21"
14600,5978,"21"
14600,5981,"21"
14600,5982,"21"
14600,5983,"21"
14600,5985,"21"
14600,5989,"21"
14600,5990,"21"
14600,5991,"21"
14600,5992,"21"
14600,5995,"21"
14600,5997,"21"
14600,5999,"21"
14600,6000,"21"
14600,6003,"21"
14600,6007,"21"
14600,6010,"21"
14600,6011,"21"
14600,6012,"21"
14600,6015,"21"
14600,6016,"21"
14600,6018,"21"
14600,6021,"21"
14600,6030,"21"
14600,6031,"21"
14600,6032,"21"
14600,6033,"21"
14600,6034,"21"
14600,6040,"21"
14600,6041,"21"
14600,6044,"21"
14600,6048,"21"
14600,6052,"21"
14600,6053,"21"
14600,6055,"21"
14600,6057,"21"
14600,6058,"21"
14600,6060,"21"
14600,6062,"21"
14600,6064,"21"
14600,6065,"21"
14600,6067,"21"
14600,6068,"21"
14600,6069,"21"
14600,6070,"21"
14600,6071,"21"
14600,6072,"21"
14600,6073,"21"
14600,6076,"21"
14600,6077,"21"
14600,6079,"21"
14600,6084,"21"
14600,6085,"21"
14600,6087,"21"
14600,6088,"21"
14600,6091,"21"
14600,6092,"21"
14600,6093,"21"
14600,6095,"21"
14600,6096,"21"
14600,6099,"21"
14600,6100,"21"
14600,6101,"21"
14600,6104,"21"
14600,6106,"21"
14600,6108,"21"
14600,6110,"21"
14600,6111,"21"
14600,6112,"21"
14600,6113,"21"
14600,6115,"21"
14600,6119,"21"
14600,6121,"21"
14600,6123,"21"
14600,6124,"21"
14600,6126,"21"
14600,6128,"21"
14600,6134,"21"
14600,6135,"21"
14600,6136,"21"
